,date,url,city,job_title,company_name,location,summary
1,Error extracting date,/pagead/clk?mo=r&ad=-6NYlbfkN0D0x4EG9qRPaDifyXHrqCipCkdIONpHFIZfSzVuyVn_lq132SNZ50NY6JAGjyToxp1Qfh8pXtC2YNfKPR3gstp0J4q011xrVGLKHQWr_oBIuLUgoN_3FVDQRbScTB0wyaDpBQhi4MHJQe4lm1k_ntZl1xULgKaJ9lhZXE29NvRuf5FWjA7SczUxZrrlocpgmw0SyWaUF2kn8gpL6qoEauc_Xw6k1Bqpr2djIIOJ0akmNNWPCYIXbCF3Z2_PI5j-5cueovY_ZzU2TJkjdN85RHGw1BmGOQGoyFSDBf4bsmdxqYYTcqE-heSV4dR2FKcu9wBeQEHxmRAvcoDj8FNXW1ggCoaoL8V978TKS5lSWaOzCtALaSH8xYxhpmZ6FhJ1lcGnCQYmjpxJHFggXBIuCaC1UFxnk91c8v0Z_MfVl1KFrDkhh052GHVL0lhMQxg4PJY=&vjs=3&p=1&sk=&fvj=0,New+York,Public Relations Account Supervisor,Wachsman,"New York, NY",Wachsman is a leading professional services firm for the blockchain industry. Originally founded as a Public Relations agency in December 2015 by David Wachsman...
2,Error extracting date,/pagead/clk?mo=r&ad=-6NYlbfkN0CWLHQcXKZoML5JiNgWzLdRBx2Zk2ulbs4JSq2m1zkJ9ZBHK4wDUs35NJ8ufokVzfkr_MCp6KrQHIpOI5ftaZ81zQk27MUqssnh4QeANbuJMItCC2Ki-B_GoSdGtfGTinu7I9eUe4dG7AYvq5n-6rROVHSkI9jJNLyU5ks8pomWikexv4j8aG5_PU7qYtFkkZLUeu_f8tUp-vjJFGStbhKVWmcxAECqzuvhq1egpcmo60AkdtRcZu9Yp0fe4NfMlCDeoWBuIja3lIFV3F_PwIHWmAPNsJSNnfznYftuIlKBfU1s7Puy7o7mnj328Qesj6mIZ4ntt-dm7E2hZ98PmqeN1KhEEDNMKWFYvfGzLtzkX3d_RF6aY_zXrz72O24GFb5W0tfSyxD-0CAZhsRTVh89GS6AUs4O32AwMUmubugwUYfn2ClYHt33OLDVRbpgE9WH46Q3Vw1MK1A7PQpURJvkMmS6FWvFAouaHxKdzKSidfzfS29jm11O6fedCRRUSYR87UCCC26YTFxR5qJEwiaBwuCwNMyvvwGQXRI0T_HnLlYXbWqgni8-CJ1GRh-tjzJLK1QCUeJHxonDYue9zOr7G3LOV8P3kTh5iHLSOE1ir5FxLQ47-G6sh5Kh0SjoNJvIVGcPuZJ129G4e-H5HWkxLtw9JkvwCQg1bGy4ZTsgIcRAMb8jjkFgPLSt1OUjngLO7sinhg6gRPvkn6Ce4n9uWI9YQMRsBBVfWuy6kzGi3DW26GYXs1JF_3RyHcHtdSAHSRB5XCGIh9XwGYjM60UIwEAyEHJtRGaIjtAVugypZ_jBorqZ_mlJV5rp42OTg-kY8FBtPQPvO8ECa5lT4J3KvkZNRtoe83tTZO5R3Ev6Of2cZAgW6QtHzLMXb3yjqrZkXhLkhoeoFQrI2pUWKGI4ox50KNLdrwqYeSzF5jX8LivDk2AlBvSe2g2PcY2G5jZckxG5z2RM17LHzDPIgYGa5ph7dge5fZ7VktNXti9JgcwYwsGJHlJhEWN1N-I-mts30Di3D_GSP80pwu_-RCt-_XF9f3fcBbnFlfRYHfntfQx-jBaZottPA4-7LubOa3dk4IEkuVTwuzpBIiku7BRxxC5dCbLccIY5zfbZegwpWe3iBT0uDCuWT_SkiKZ6FTv2wLjJrFqgz24cA2-ovVNgZe6R5rN23RyAv1FfcwmlBwHGztrFMMytcyOuvXiXBfetL3KnKpIhYJu67lLP96fOzy5FuulrTDDih9KHRiES4A==&vjs=3&p=2&sk=&fvj=0,New+York,Lead Blockchain Engineer,Blockchain Developers,"New York, NY","Lead Blockchain Engineer. Block Recruiters, the leading blockchain recruiting agency, is seeking a Lead Blockchain Engineer for our client, a company planning..."
3,Error extracting date,/pagead/clk?mo=r&ad=-6NYlbfkN0A2c6G3TbuJEMYHRyOJUCLPnuD_qQ0l8pfM9hhh-ES8wpmZY1sAXETMRisJHp1JZkuHxAAK93VWRxycbQ7FgSqdM_kQK5Vu3GbdAXe9l6XPwLGxk9zzZrpyIWMlhxrS_sQv6ER1mgp_ZxODH9foNhXtyTu-dpg3WmM-BKXC13_8kVcyCpCW0xhrUuwJjRjjR9ZTSMm-WNoeWhKKEymgPQTzey2xaViLuyPi_AWbO6002XwHhdz5LAeFEaa9Zj1mVuXvADEaHzUa8C3AgQtdJ398NPlpY0Ap--jlup4Fa796U4G03dWYTc2PZXLC6I-pJhHRpdK4OLO0-28AxZjRBx8wZLux4gzVf__maI12bs7YMt-UiUqXT2yP5sydTQuINnz22ts4Zfv8g6xRmbnW0WUGeawYDbbhCqN6laT41XGzYdMcmKH9Tg0B&vjs=3&p=3&sk=&fvj=1,New+York,Quantitative Software Engineer,Matrics,"New York, NY 10022 (Midtown area)",Job Description Matrics is seeking a talented enthusiastic and knowledgeable Quantitative Software Engineer to join its Analytic / Data Science technology...
4,23 days ago,/company/US-Blue-Ocean-Capital-LLC/jobs/Receptionist-b65078fb0fb90beb?fccid=5323c2bf42fd6967&vjs=3,New+York,Receptionist,US Blue Ocean Capital LLC,"New York, NY","In addition, we look at industries such as fintech, blockchain technology, healthcare, education, environmental tech, real estate, etc. to power entrepreneurs..."
5,7 days ago,/rc/clk?jk=2adf302b0e674129&fccid=cee9e9033f39bb17&vjs=3,New+York,Latin America Sales Representative,Paxful Inc,"New York, NY","Powered by people and blockchain technology, not big banks, we offer support for a payment system that empowers merchants and ecommerce shoppers...."
6,30+ days ago,/rc/clk?jk=3821d655f63e8123&fccid=c3c98aa2beea188e&vjs=3,New+York,Blockchain Strategist,Consensys,"New York, NY",Demonstrated passion for blockchain technology. We are a team of ex-consultants and tech / blockchain fanatics....
7,7 days ago,/rc/clk?jk=3b35d48cce77b6b7&fccid=cee9e9033f39bb17&vjs=3,New+York,Financial Assistant,Paxful Inc,"New York, NY","Powered by people and blockchain technology, not big banks, we offer support for a payment system that empowers merchants and ecommerce shoppers...."
8,7 days ago,/rc/clk?jk=f9eeb8f12dd6899e&fccid=cee9e9033f39bb17&vjs=3,New+York,Sales Representative,Paxful Inc,"New York, NY","Powered by people and blockchain technology, not big banks, we offer support for a payment system that empowers merchants and ecommerce shoppers...."
9,25 days ago,/rc/clk?jk=6cf656e02fdd4652&fccid=9a24f2b383ba23bc&vjs=3,New+York,"Analyst - Blockchain, Strategic Advisory Group",Wachsman,"New York, NY","Wachsman is a leading professional services firm for the blockchain industry. As the blockchain industry continues to gain mainstream traction, we are reaching..."
10,29 days ago,/company/The-Groh/jobs/Director-Operation-426eef842b759a8a?fccid=2de83c9ec0151000&vjs=3,New+York,Director of Operations (Early Stage Co-Founder Potential),The Groh,"New York, NY",Chance to get in at the ground floor of a blockchain based marketplace committed to improving the way an entire industry conducts operations as it relates to...
11,22 days ago,/company/Cryptos.com/jobs/Cryptocurrency-Writer-534537693d9f2d3d?fccid=e2f9e91e5ea01e35&vjs=3,New+York,Cryptocurrency Writer,Cryptos.com,"New York, NY 10012 (Little Italy area)",Cryptos.com is looking to expand and strengthen our coverage of the blockchain and cryptocurrency ecosystem....
12,25 days ago,/company/LD-Capital/jobs/Cryptocurrency-Analyst-6687593743330470?fccid=6afd691a270a743f&vjs=3,New+York,Cryptocurrency Analyst,LD Capital,"New York, NY","Solid understanding of smart contracts scripting, cryptography, crypto-economics, and blockchain technologies generally...."
13,1 day ago,/rc/clk?jk=08e5a784f60a893b&fccid=381ca8ebf18902ba&vjs=3,New+York,Recruiting Coordinator,Paxos,"New York, NY",Paxos is at the cusp of reaching a product-market fit for a complex product that will disrupt financial services using Blockchain technology....
14,Error extracting date,/pagead/clk?mo=r&ad=-6NYlbfkN0AHuxvcXOM3Bo5CI4Nf5Z3_p_oKDVByVy1uIQZx-R_gOMZiVIIwGC0ujxxeDmkl7A_5Htu02DJ3v9x2Y5FgUDRZ0xSeofNnnvnh_zpWCDYNTodlSdK6bipv4JJ1oA8AJRUSJg5Mc54UhQ29PytRNrMr94VvFWy_j3z4Sgwfkur7vKFTAACYPa19rvswLqgVRgcThVd2kcgeOM9D31xwY3Ia50LbNJEWCiinlI2nNKlpSXdz1DvY0tfbZCco8Hol6W-XC__F06JAATcrE2WX1f6MxTqZ6cptRFegVb2wotU0LxRxq5jfwvKTyQj6ERG4ZCe_QLpHPRWQYordyUcQMH3OIEeAZ1A3LS9gRNkZS2Kf_GsXPAOEa1PNOuOSlRg8sH1t5HuCWth5EPrTgFlTfz3Vf8pgv1Fr47tPhKcASIWsdxvLx2sIlQvOg1lpIg4FWWg=&vjs=3&p=4&sk=&fvj=1,New+York,AWS Cloud Engineer - IaC,Tradewind Markets,"New York, NY","Our solution combines a world-class low-latency exchange with Vaultchain™, Tradewind’s blockchain technology tailored for precious metals...."
15,Error extracting date,/pagead/clk?mo=r&ad=-6NYlbfkN0CWLHQcXKZoML5JiNgWzLdRBx2Zk2ulbs4JSq2m1zkJ9ZBHK4wDUs35NJ8ufokVzfmEvNUV4Js_Kpym4_XttVGocyI37VvqEY67StC5K38hFasCLnCgPcAfMacAX0ppyDbyeewxDwyvIDw9Xt6DvMgabxyu63uaOTx6G9HvJE_SjQCQDAg3JSFraam-_2lUCgh1RJqo6DEBOjn_QXieKpujjO376Q7uko5ZZSLhzrr9cn1L1527lfFCk4p6aKhb_fz5uoeoR1dgkFlfsMO5jsa09HtoGmQEaFmqjmxZ-2gzToDGXeZ9-sA-PqPaXqrhQPzJiCSFRXQLMPvJ3_Sebjyu1ussefvYgNM4rrkjr2cR5frJT5otJGJtAr_MJqVoh78XWW0-sj-NeEidGe5EvdP5nFHY7_tTLonlefPSjcN0gjjmAuogs7UWvfFDg6nCXTzf3zTaeVa6iIPWs78vPXL2G6-XuyoEgjfe7GivSn8QmcfQ_EJ8z2Rs1sjGhDxMXOGbaFriBrWFZHXccU_2oE47P5sFxjJQbqxpfmWQOFr6L3NrWgKYh2GVGAZlzG0m0VtwkGkOvBpInEvANgysgNOo1t3hzLi_DCQOUWF-WwMrt4Vpae8Oh_GmnjNYA3j4Aw_w6OzfgQbcaylBZVvbPGrUJDveNsVORZVoLPjCSboKpjQ2NvoGWwjcGqSH7oJ_T-tydnjzcJrsQqE5q_-5YORrTnpdx46oq4AgUak2WXkZJFYCxeI8QBNKOFJV2Aji45ldCHDs_2nrxHVj_FDLxmXDyltBrDSCs2hitniv_i2rdqUVmQ1tcsY0xQvCPD8UZzsViFc2f5_q7H8JU-tISZRatM8F7VH5SKVKJ_47y-4rb8POABDYrk-If67Ppc36Bb2I-RktcwA2DYp73os7PG4dSYLY0KSUDK2RcnuozblHe3pKhAU4azcOxjSTZup3pjKsD8DeWuDcwJnr-zwqLxjiQZM9T5FHTId_PCXWbownT0nD2DxAYtpX5Ktkl0sCwWCcBQm8uhEOTOt5Lfu8c2BAigZfNkQZDeEXiULBSjpMZfX4mbugliS4NHDqTlu_L4a5qtqwbVjVu1DRBiqrbIdMHf1S3HLZJKp1Nbnj7uZ-ocxnNCc8z0JZRLzz994YfjtJqDBSglyN79szK8cEQ_U9daUD2w_DTPAonf-_ZS9ySsRZSOof6oA7E9RcdcQpteQlYoN1tNP3rK8Qi-TGn93dtJV5O-CMfHIxAHadMpYO8CRdQpejmBKuWj3b-wHLWDN6Pv9CFW80LQ==&vjs=3&p=5&sk=&fvj=0,New+York,IT Auditor - Blockchain / AI,Blockchain Developers,"New York, NY","IT Auditor - Blockchain / AI. Trained in Blockchain implementation, design, methodology, etc. Block Recruiters, the leading blockchain recruiting agency, is..."
16,1 day ago,/pagead/clk?mo=r&ad=-6NYlbfkN0Dys7GhibF6Q9-lO7uuJ_sA_RJawJ0yQMZxksOn_UXT6UR6l6nYb47OSQ7745hTm0i4sQbQBrkcJJilKkAf9m1VHCJOgmgIr4VViuo7H6wn9vKvpT7ba0gFkPoTQPTbyYulDeVgwP3jEC8VnNT1ZccUGRjmiv0ioG3gAXbGY5ax3FY2IdB4uKdq7Ant5ASh5fhqw5rFSz2cmtcf7Zgvd60LTyO36QQBS6MrZNMjF9ShcVin4c9f3PEcUal7VAOhUju018B6h8rxILoMHSaTCQnnGXmVyesuYKwnP1LUGCbHdaCzbmgr24OyI5BgK_O9g8IQbbInxd9uFp4yyud3ndqnCHBDyleZN3qTTklspBodODCPjTJWhgLVg3MAB-A6ADITs73wn1_xrP8e_5n1LDratKyhbbXlCquGwzc_ftMfj07yiFNqUikigTgZ-QPJCSE0R4q5f5VaID9O2GU5LsbFAEjD-nGxSSpeL36uTfirZgnyfjFbMuNRvG39JSQRIvTElbDfK9nzW3RdpUHGiEkUeP4g6VMqSQXSpIE2gMZqcaBS_yNtJW93eA9GSqL0Y-Zp7E_hilkYvIQZt7tp1O8VQnDeR1Y13qSiOgtrxGZdqNN_UZFKM3V7Pzjw4yWYlbnyXapuq6UCRL5aH4RNfnnwpr0v2BKxhB2zVkEGdKI7cacNTYcerumiL6NOEoQQ_Az98ukHuqO_6qsDaoU5d8Zie7rRg0HYlQvwFT96oTUXfQqpNhvWKtJ0Pj0p02L0UUEf4vW35ZmtiY4Bk9ecyzMDdLh5fDejb2JQPqCTaWARUxe1YDN8IvGcWdlXJ7pIykN1jA8zNxZV7XbDG94F8_hQ5-kMXXtfTV0SqZA7rB4_c7unKWhSiwGxarW6NIbJXZ7IgU_xOA0OJM2vW7elz1QbACxTN3xX2I4hsOqjAk_95JoblBLnNDASl4GoXmrwoWsN8zp7FxHpGQ==&vjs=3&p=1&sk=&fvj=0,Chicago,"Analyst, Disputes and Investigations","DUFF AND PHELPS, LLC","Chicago, IL","You may also be tasked with assisting our professionals with disputes alleging breach of contract, financial fraud, breach of fiduciary duty, patent or..."
17,Error extracting date,/pagead/clk?mo=r&ad=-6NYlbfkN0CV4holdffd831ZKQhR8rczbMi0923Hh_m8CV6wbSqk2AAIzE4yv5Chp1uxweRnSWjHGtCYtLYNiYAmzh88mb4zqGoMKF60EGs1qvQcv_0R1lHlxElNyIEqi0pgpL1_ZUQYnncYik1CXQtmOsmZczGD0Ex01eGswXlkn6FY39z5tFWPhf28VDUv8GrzSuTSby6AwIUQMN0p4CdTvPecgyE-w5TtLOXeBu-uhM5i1-DcCm-iPOZvh-uetC9agW9IDioSMxt7l9BBqqT6hVPXQ8-kT3cm2mioJ14_iBxKSSd4NSMkztfTot7Plmck1eZ-jlYG-0bW6qx9X1SNLdvUOfyUV9VfhbQUCeSWqTklr4IqX1v_S9jVyMvuV499YYnPSAZP-q2ilI8NixQmBXy9jOV0V-DzY8qX_JT2xtg63a0VnU3bVSxaUIYi&vjs=3&p=2&sk=&fvj=0,Chicago,Accenture Strategy - Procurement Strategy Manager,Accenture,"Chicago, IL","RPA, AI, and Blockchain; Accenture Strategy – Supply Chain & Operations Strategic Cost Reduction Manager...."
18,Error extracting date,/pagead/clk?mo=r&ad=-6NYlbfkN0CV4holdffd831ZKQhR8rczbMi0923Hh_m8CV6wbSqk2AAIzE4yv5ChxOtTyYDRhHEvRroyWjsz05PSUD1OCwmCyq6UAElL-adZbZAJ3dnj4Jmx5zBn6vLWjCoG3M7WlL6dCsVPAnUWNYv-Ai8decgGYp5BituENQDliGFIfN0MMB-mDe-ACDMqvhBC7ejrMK0xW-RDXRX83rsnNI6r_6cLdX0TTyjjiyVaN4h0e23kku38tznj620y9XSJWt8gjD5t4Eywrs6nhSL4nS4pBJsHh3wYW6bi8bXBkAimwKe3UkSd59L9eEQlxSgat4TR6oaMBccefGI4By2pLqnbppliRn7M606lFGh1l5ZS6P-CxAWnsIzYq0lKJmVoA3f1QsAPnZxDEncxwu77Viy_z_6Uvtk88wGKvRvpKHsYZuS_BWc193KpqZ032OkBmKV6Hiw=&vjs=3&p=3&sk=&fvj=0,Chicago,Tech Advisory Senior Manager - Midwest,Accenture,"Chicago, IL","2+ years of experience working with A.I., MS, Blockchain, DevOps, and/or Cloud solutions. Deep understanding in Blockchain, AI, or MS with the ability to..."
19,26 days ago,/rc/clk?jk=95f3f146ec31e5d4&fccid=272c2e9271cd84a3&vjs=3,Chicago,Customer Support Manager,Current Media,"Chicago, IL",We've integrated blockchain technology into our platform to help spread value in the media industry. What is Current?...
20,23 days ago,/rc/clk?jk=acf5acf4c8fa7a6b&fccid=272c2e9271cd84a3&vjs=3,Chicago,Business Strategy,Current Media,"Chicago, IL",We've integrated blockchain technology into our platform to help spread value in the media industry. What is Current?...
21,1 day ago,/rc/clk?jk=2e9e98c50c971c95&fccid=2b6243d317042ea1&vjs=3,Chicago,"Analyst, Disputes and Investigations","DUFF AND PHELPS, LLC","Chicago, IL","You may also be tasked with assisting our professionals with disputes alleging breach of contract, financial fraud, breach of fiduciary duty, patent or..."
22,4 days ago,/company/Jellyfish-Technologies/jobs/Sales-Representative-42696b3c3ac71d43?fccid=124cf1155885622e&vjs=3,Chicago,Sales Representative,Jellyfish Technologies LLC,"Chicago, IL","We serve various domains like Telecom, E-Commerce, Payment Processors, FinTech, IOT (Internet Of Things), BlockChain to name a few. This is a remote position...."
23,2 days ago,/rc/clk?jk=fa332b547e0ff740&fccid=272c2e9271cd84a3&vjs=3,Chicago,General Counsel,Current Media,"Chicago, IL",We've integrated blockchain technology into our platform to help spread value in the media industry. What is Current?...
24,30+ days ago,/rc/clk?jk=c9af344768449bcf&fccid=42ccd87a2c182a30&vjs=3,Chicago,Blockchain Data Analyst,DRW Trading Group,"Chicago, IL","Previous exposure to blockchain analytics platforms such as Chainalysis, Elliptic, or Crystal Blockchain. Interpret and analyze Blockchain data...."
25,30+ days ago,/rc/clk?jk=c1eb5bd9c0138b0c&fccid=d9e7c4d795860e0c&vjs=3,Chicago,Blockchain Data Analyst,DRW,"Chicago, IL","Previous exposure to blockchain analytics platforms such as Chainalysis, Elliptic, or Crystal Blockchain. Interpret and analyze Blockchain data...."
26,23 days ago,/rc/clk?jk=ad871341c5dcf214&fccid=272c2e9271cd84a3&vjs=3,Chicago,Vice President of Product,Current Media,"Chicago, IL",We've integrated blockchain technology into our platform to help spread value in the media industry. What is Current?...
27,11 days ago,/rc/clk?jk=28f884aa7cc3bc20&fccid=a4e4e2eaf26690c9&vjs=3,Chicago,Accenture Analyst - Location Negotiable - Entry Level,Accenture,"Chicago, IL","Helping our clients innovate by leveraging new technologies such as Artificial Intelligence (AI), Predictive Analytics, and Blockchain...."
28,30+ days ago,/rc/clk?jk=b64bcc2744646e38&fccid=2dd390c3a48a7ed0&vjs=3,Chicago,"Senior Associate, Blockchain Solutions",KPMG,"Chicago, IL 60601 (Loop area)","Design and build industry specific solutions using the Blockchain technology and design and build Blockchain framework, accelerators and assets...."
29,Error extracting date,/pagead/clk?mo=r&ad=-6NYlbfkN0CV4holdffd831ZKQhR8rczbMi0923Hh_m8CV6wbSqk2AAIzE4yv5Chp1uxweRnSWiUVTHyx7YSIYIf3LI6joQF3mPWpHKTiAqmBiOrq0tqx4ED982yhuf-K_JP9kZC9cvbYx90wxULaxe4DiequGc-xQWWVhlvF5kvcRxKWejUUA1TCXzgYQm-1IIa8e2KWN5ZV7VPD50Yz7bmfxZgyDWa4_Ror2F2FrVErEEWPlZem-zaxa-XceedZhR03BLvm2dsHmLLBJsJy2PFLfG-UZb1a-BkY3rV8atUw0PiDpcGgTG5NF3fOERqar9EFMNJTWAR0BYp82noT24K5F65dm7zVG6U47xBhY2zsTAMczn3EegQAajftiW9hiV315GtttHnNgbzHnf6wx20QCnHql9UrRpqlnzPz0V4ycC8dtGbU16f8NnJ7bZCyhWOpmeXoCc=&vjs=3&p=4&sk=&fvj=0,Chicago,Accenture Strategy Industry X.0 Strategy Senior Manager,Accenture,"Chicago, IL","Digital Factory Strategy – Industry 4.0, IoT platform, artificial intelligence, machine learning, connected devices, connected workers, and Blockchain to just..."
30,Error extracting date,/pagead/clk?mo=r&ad=-6NYlbfkN0CN0snSec8UE-srZ9g5xsdjqAxVcLTaVhLSvDAEmK-pQQhByqzG2trPLlbydOy3BwHuC9TMd7w2CxySxHTP8kgU5aMuFNlbH1VuJsNz_tRn7qezOFe6AFSincBBbDePpNVUYeonjm4KwCmmjixXZ6l97XKMr9FvLM0aORISvlmoB3GLoNNRILtdsVpGLr7Pi2IFyXP88H_DdOt29NePtmco_98H5kyyNvjahUcthyxB3RJe2w6W_y814VCWc74fDXp_x2uTu32RH5jZGiGb2IOgZZF06lz8CtBdJfqXOzawgqM--cflSgbSQwR8JOVwc3JoA0InONRE5UOfwfj9JGV_xKKyMm5p9Y6UCh5NIeksiYECQpWY_fNpPU4UfWEnr1G1cSYCyxdpo2v-iLImcRhFt8WwX8nv7fqxkicyZ8cur7X998obpYDqhizlm85idP2PsodtWVFHCw==&vjs=3&p=1&sk=&fvj=1,San+Francisco,Research Scientist of Blockchain,SeeleTech,"San Francisco, CA",We are actively working on the next generation of blockchain technology which make large scale transactions and smooth value transfer among different blockchain...
31,Error extracting date,/pagead/clk?mo=r&ad=-6NYlbfkN0A9qMsqH6Ds867-2uMbpcDykHlH4MZPm_lkINg0D0anwTrlY49x0Hi5xnu29RpBimQqconlGtGnsSN6-nMA_Z23t-dbRUDBNKihB20J6yAILssXLfhxcdLt14u5IP8QK4eA5MVQOJbP4CyArUiLatR2kzYiNPQXD3MIBFrXxpV8tC0joDARNRX1XcDeJGLnzMsMtHT3USXjuUjXRVVpm2m9DhSlqWcRK3IyRY2QulHHNJpQP3emK6EyjuUqyFXyoZaPpPYP__JQlLz0z_l9xHfHO2dp7J5Hmr3TF33oIN7orFTGAKjoVksVQU2CgAD6Mizoi5JVQQQIQbNLUHWMwKRQRAdLZf9HMOLa75ZUBmVUenftwjSBpNZy_2Al15lJMHmRgBWY10VsMB75K226dfe92kjRrVBlBdY46Dxun3A3FCbcj-wKb_k94Ji8PqhGqWl5D5LXZk7dcg==&vjs=3&p=2&sk=&fvj=1,San+Francisco,Distributed Systems Engineer,Neutral,"San Francisco, CA","Research, brainstorm and discuss best methodology for blockchain design, implementation, and deployment. Collaborate with a team and open source community to..."
32,Error extracting date,/pagead/clk?mo=r&ad=-6NYlbfkN0A47pmyiFPUp4cBUqYT3Mwu5a0pMrZhglbu9dSscYU_2FPfcgMNvWfbFc6lmYEw24H1ur3wOa_1pf0rvLErZgH1fVxbI0DxmEdw2PdMErd5BAF8pVPZjvHr9XpSfgUS_KxK_6IkVrBYu3Lg7Dctb0jbJsGl06zuvoMATCrowwQfj1nbdki49EXTCzlxnUGzKULJ_MTUL3KFF9M2GzmfgK745_9ozvQcjfD59RurDIrOsdyjPQtKQNNVfM2KnW62HBbJWWI6b_7bM5UbQXpMYDJC4y6lGQzeHn0r3D_f6mduw_VyWO5iuJ1oiMtNjJoKzVs1xpiczlthqGbHVu3vJ6AtNuHMGe56y5KdkgvwirwxCjPoRH2hRimPyLjzbOAnyGhaEHG1BnqrQ7Rkst6-1Ik9xo4Z5L1Uh6mfBHLvDVnBD2OgGO3hvMJJ&vjs=3&p=3&sk=&fvj=1,San+Francisco,Executive Assistant SF Office,Kraken,"San Francisco, CA","By joining Kraken, you’ll work on the bleeding edge of bitcoin and other digital currencies, and play an important role in helping shape the future of how the..."
33,Error extracting date,/pagead/clk?mo=r&ad=-6NYlbfkN0DP5EdMrnof42kMyZFk4b1ms8qCnuraEOdsMR0hUa6SfndxNytuKZiQsL2cZN3-zGibDatXzzkjrPJpxvJFj6vN6IgUfDp71iDv53EdBjOxw77bt56QjNlYE8PQYBHm273tpnNZER9gB5deuWT_IbGdKGaXEGMq9CR3RmLwYLDr2ZJHeWLbhY2wIZLzURSC04oaIC38qsOOuVTF3PvqhDpb5mIhtlxdDiHCYBlsul754QQxe7K7aMUc3RvRHTVqjOLptc-X3lJd14kUnrjjukhAETmMlwdxeFXl1GbrfDP7Wkchid417vIXc3Xoz8JHfdBSDKupm0EBPKp2sI1WRk_MRd-4dsJh6bTeER9uQ3ormoCXatQY71W3eUxgX0ayo3TTrwKC_sBN0zuP771LFaCzQUjKRdMix4brKpaf4DyaStfKuDgms_SakrcLlIt77ck=&vjs=3&p=4&sk=&fvj=1,San+Francisco,Business Development,BUMO Blockchain Technology company,"San Francisco, CA","This is an opportunity to work with the world first tier public blockchain and promote the implementation of blockchain into business, to break the digital..."
34,23 hours ago,/company/Autodidactic-I/jobs/Inventor-Creator-Artist-f4d0d36574fab0d6?fccid=12ccaa5fef8c7e3a&vjs=3,San+Francisco,Inventor + Creator + Artist,Autodidactic I,"San Francisco, CA","Please do not apply if you only have interest and experience in one field.At a minimal, you have a solid foothold in each the financial *(algorithmic trading,..."
35,17 days ago,/rc/clk?jk=041eec4d07f0c1e5&fccid=f76ce2721e6fa057&vjs=3,San+Francisco,Corporate Account Executive,Ambisafe,"San Francisco, CA",A challenging work environment with huge learning potentialFriendly team of co-workers from all around the worldDeep dive into the ICO and Blockchain...
36,30+ days ago,/rc/clk?jk=84cf22d90cf83d8d&fccid=20c14a32fc53d66a&vjs=3,San+Francisco,North America & LATAM Inside Sales Associate,Aquila,"San Francisco, CA 94102 (Downtown area)",Like the blockchain? Prioritize blockchain wallet feature requirements for the engineering team based on measurable partner activities. Who we are?...
37,1 day ago,/company/Blockchains-LLC/jobs/Junior-Ui-Ux-Designer-62a27bd0153cf6b3?fccid=89c5ce6f776bbb71&vjs=3,San+Francisco,Junior UI/UX Designer,"Blockchains, LLC","San Francisco, CA","THIS POSITION IS LOCATED IN SPARKS, NV NO REMOTE WORK AVAILABLE Position Summary A user-experience designer is responsible for conceiving and..."
38,4 days ago,/rc/clk?jk=0b4b2171c4bd30d4&fccid=6e826acc0043d640&vjs=3,San+Francisco,Compliance Analyst,HBUS Holdco Inc,"San Francisco, CA","Strong interest in virtual currency or blockchain (prior experience preferred but not required. Headquartered in San Francisco, CA, HBUS believes that..."
39,10 days ago,/company/Just-Blockchain-Talent/jobs/Blockchain-Engineer-bcbdb956256f9d3d?fccid=40f56907cfd37c99&vjs=3,San+Francisco,Blockchain engineer - amazing opportunity,Just Blockchain Talent,"San Francisco, CA",If you have a passion for blockchain then don't miss this. Exciting blockchain venture with top backing is looking for talented and enthusiastic engineers to...
40,1 day ago,/rc/clk?jk=ff2c3fe7a7f94d35&fccid=bfe246c1b9fb02f3&vjs=3,San+Francisco,Data Analyst,Figure,"San Francisco, CA",We are building a blockchain protocol to fundamentally transform how financial products are originated and transacted....
41,17 days ago,/rc/clk?jk=4de8ac2585960a97&fccid=f76ce2721e6fa057&vjs=3,San+Francisco,Account Executive,Ambisafe,"San Francisco, CA",A challenging work environment with huge learning potentialFriendly team of co-workers from all around the worldDeep dive into the ICO and Blockchain...
42,10 days ago,/company/Almaty-Health/jobs/Blockchain-Engineer-47276b974d6dd929?fccid=25f6c1bde532e91b&vjs=3,San+Francisco,Blockchain Engineer,Almaty Health,"San Francisco, CA",We are working on Blockchain technology and looking to add a highly motivated individual to our blockchain and AI healthcare team....
43,30+ days ago,/company/HBUS/jobs/Customer-Success-f5ffd94b2921fc37?fccid=267b574dccb1107e&vjs=3,San+Francisco,Customer Success (contract to hire),HBUS,"San Francisco, CA","Headquartered in San Francisco, CA, HBUS believes that distributed ledger technology, or blockchain, is about more than virtual currencies and ICO tokens...."
44,Error extracting date,/pagead/clk?mo=r&ad=-6NYlbfkN0AMAzvYikIl9z2GFX0nJmhTJOkEPCpFrHxN4u4G9OrBmUece9Ye36wTs9kVH2Ae5mS_KVfSHOwuPY1ZbcIIr_jflGlNMJSCN4avdwGKaU0O3znqV3L5nLap6wDZhOhByO9XpPBv2GA1cKyyMIk0OX7YuJc_qeo6e7tGMiaRjJo4G7aGsXfN2kV0Ptqn6yaZxPuhTRRowU29NaN9jaL74OYlr1leQHa_DcpSWcqXSfcGD4nX8H7ecv6uBexGvjvHZCOseRSnnyNezJ2w_DusOsV4hPrWDTL9ME7Yg_47cCz0y_KGT3IE_1ghusL4fTnYG3lABAzheug9RhJON8T6pjfcxh8F5Im4-FdJ4TyFZSrxaRCbv4Arell2MrRBjQchH4X-75WhjsjL48yNvkZVACEgub6Ccvyrxt3heqw3AXvEgShj7ml2x0oF&vjs=3&p=5&sk=&fvj=1,San+Francisco,Senior Accountants,Torrey & Gray,"San Francisco, CA",Blockchain and Cryptocurrency is a burgeoning field and we are looking for good people to help lead the way....
45,Error extracting date,/pagead/clk?mo=r&ad=-6NYlbfkN0A2vbaJTHvp89syxS9B8eTSQU_-YEFxc1jp942m8G6jgjBLxZ5_sCeIKahw2ecnc67AJZuUKINEmJE_F2jd7d02c1k29D3jPDoAoFoqOOWjZrtT-98nIO1aPTsjJJuRgX4Qw0l8pIECZanjVnQzaNpYqMsYgxqVo7zhP9djmjLgms8sbkDI-dISn_ICy5Pk46fVgL_DeA28OLAfBj8IlnXbqLzLYI3mZ0iK4Ab8xlHZnhNf0xTm4k0lAlTOqQa6CFkOLYtwBtwS8HCfda8yCSF2h4iPu73wv06uEK9aRayk25pzz0zDAis5wquwJl7qo4OdmhDdTOsv4SoQTDPK363Oz0gDzdoqrbD5GMmyY6PRw02SpTIqCRQR_nj9x1XQ52oZo7a1NFv2Rxe9rOQUFOlSYd-DDz51z3_LmPfUWEgiS7EIYYfDA5-b_rm8zPu4NdYWSLNGJSOmjg==&vjs=3&p=6&sk=&fvj=1,San+Francisco,Blockchain Software Engineer,DxChain Network,"San Francisco, CA","Monitor, research and evaluate Blockchain technologies. DxChain is a big data and machine learning network powered by a computing-centric blockchain...."
46,Error extracting date,/pagead/clk?mo=r&ad=-6NYlbfkN0BSJ0iUJgRTleP7SKWmGdETmF2ZrM9rhEHsVwafK-LsjXJHfqM4JfQuNu0zuB91hF1nRP-h6G2R7oi5TwyfgEfPwJHvR_sTWDn6DnNbLvRBwW5JpXX6qqgl2qPARndUmO-_eBtPLuIjFYYsVDV4ngG1PBzWSPzhAptUb-iDtUdKz6r_q9GTmRVlIU7z4dAVJEhng-jdJKwNLWhMEMDod5H8V4vS4vS79Z3vMZBjlJAqx93XcHBn0sdrR3hjO5bkZ0OwL5GP3qg-ouyjbmEca2zZKohT2x48UmV7hDUQLJOmIO79DzpF0nKFP98XoDvXrhf_wfL0YiMiqBwhIGisJuTb9pHxVvVeP18yu1Y19UZ1F8ytbHrPPMYX1Jd112z8TM6a6F4NhN8zoqbQSiWCBo5zJao6x8iID6VsSJapUd1hZZeUOmEoio4wyb5Gmg8bWII=&vjs=3&p=1&sk=&fvj=1,Austin,Smart Card Software and/or Firmware Engineer,Toriia INC.,"Austin, TX","Searching for experienced Senior Software and/or Firmware Engineer to work on smart card project for the Payments, Blockchain industry...."
47,Error extracting date,/ita?id=22453&tk=1clq3q30c1fko0s5&flowPage=jasxserp&flowType=inline&q=blockchain&l=Austin&adLoc=Austin%2C+TX&fromita=1,Austin,Error extracting title,Error extracting company,"Austin, TX",Error extracting summary
48,30+ days ago,/rc/clk?jk=32258fc4dfb5711f&fccid=cc102913678aeff5&vjs=3,Austin,Blockchain Technical Development Leadership (CTO/VP/Director),Wanchain,"Austin, TX",Wanchain is developing next generation cross-chain blockchain architecture with privacy protection. Experienced senior manager with strong technical skills and...
49,16 days ago,/rc/clk?jk=b675d3a61dd2c59c&fccid=c8a9aee2f05687eb&vjs=3,Austin,EmTech Event Coordinator,Capital Factory,"Austin, TX",The EmTech Event Coordinator plans and executes on- and off-site events for the Capital Factory Emerging Technologies Team You are responsible for planning...
50,13 days ago,/company/DigitalTown/jobs/Product-Owner-45d683e25bd2295a?fccid=decf8fcb1a41d703&vjs=3,Austin,Product Owner,DigitalTown,"Austin, TX",At DigitalTown we’re leading the way in Blockchain-based solutions for Smart Cities. Our technology and decentralized applications on web and mobile are...
51,30+ days ago,/rc/clk?jk=f77fbc469dbfa443&fccid=cc102913678aeff5&vjs=3,Austin,Blockchain Software Engineer,Wanchain,"Austin, TX",Wanchain is developing next generation cross-chain blockchain architecture with privacy protection. Experienced senior manager with strong technical skills and...
52,30+ days ago,/rc/clk?jk=af28ce572c980a1d&fccid=cc102913678aeff5&vjs=3,Austin,Virtual Community Manager,Wanchain,"Austin, TX",Wanchain is developing next generation cross-chain blockchain architecture with privacy protection. Experienced senior manager with strong technical skills and...
53,4 days ago,/company/Jellyfish-Technologies/jobs/Sales-Representative-3e0307855a628c0f?fccid=124cf1155885622e&vjs=3,Austin,Sales Representative,Jellyfish Technologies LLC,"Austin, TX","We serve various domains like Telecom, E-Commerce, Payment Processors, FinTech, IOT (Internet Of Things), BlockChain to name a few. This is a remote position...."
54,30+ days ago,/rc/clk?jk=8da5672127fd46c0&fccid=3f5f68959842d66c&vjs=3,Austin,"Community Manager, Panvala",ConsenSys (Remote),"Austin, TX",Our aim is to build the most technically-gifted and engineering-focused blockchain security team. ConsenSys is a venture production studio and the leading...
55,30+ days ago,/rc/clk?jk=1cb2878f490c02f3&fccid=cc102913678aeff5&vjs=3,Austin,Local Community Manager,Wanchain,"Austin, TX",Wanchain is developing next generation cross-chain blockchain architecture with privacy protection. Experienced senior manager with strong technical skills and...
56,2 days ago,/company/Horn-Solutions/jobs/Community-4fcd95fefc3a4eb9?fccid=fcb6e4fe7c3fc02f&vjs=3,Austin,Community / Social Media Manager,Horn Solutions,"Austin, TX",Baseline technical understanding of public blockchain. Horn Solutions is partnering with an Austin-based blockchain technology company to bring on a Community &...
57,2 days ago,/rc/clk?jk=7944753b16ba3bc9&fccid=c4ba6202af4dda9d&vjs=3,Austin,"Principal Analyst, Transformative Technology",IHS Markit,"Austin, TX 78731","This position will focus on researching a wide range of technologies including connectivity, machine vision, and blockchain, in addition to those already listed..."
58,1 day ago,/pagead/clk?mo=r&ad=-6NYlbfkN0BwAmSRycT5EgpJGye6gPYrUkNzWj7apy3sLJ73tG-9A13rBp9_NZTJdqMdVb7ufrM_mw40G9kLZvidhqv1dKaZyKWI7Uq3p_LTp-MnhN8zaOl7R5PoyVTJqY8_D10BBYlH5QPJDhNJ_DN3KqiYDFjLk3ip6vKQ5EGnVog5Mmz_5xMYR3HMsIuXVbsKZ1UWyYzrcS7ikGWZACoS3UqxOPK_taLihOYttPERZHE5zuoi6NGXIYfAxuifvYDXzWshc2PN3YtfpPf9X5e3YjgAa8A9HettS1z2jW5OQIhC6Y7mw9XDtmukwovFcFCZLFn5EMF78PuIvQP-VNYqKOnmzlPgDzLjUJ-bl5nDs1AO0hz7ntp65v0dIhqXNshwlsX3Xmo3-LwC847mzw0ji0ds4RCtG_C_1Q8j7E1ga7Hmmxav7g==&vjs=3&p=1&sk=&fvj=1,Seattle,Full Stack Developer,Hointer,"Seattle, WA",Understanding of blockchain and experience with blockchain platforms. Hointer is a technology company focused on improving retail....
59,Error extracting date,/pagead/clk?mo=r&ad=-6NYlbfkN0CpFJQzrgRR8WqXWK1qKKEqALWJw739KlKqr2H-MSI4eqIyHF2MMS4j1pBlH03xX9i2j1HZlyH43ESxeW4aY3JKYJDn0xCMqy0c48plFTZMTYD9_miGotg5kes0FS9D-udXxRLA1JAOcbFZdxY5VReUwPnVuJ9kfKHMyRcRdbZme8lhpY25ifLyxVAA6On5aeQBTQLUtn751Oc8UESqObrrh5pbgkXrRCY6pFEhCBea32cLAtq7HtcwWE3tzYzdgcCJTBiIUFf1g55esBbgarOARo1Hlnfdsto8Bz7tgNlRoQCUEGyxjzXPrUjY9AaBlEpe0vlZQ-uBiBwrhQIAXOXoyYCNSR9O1cs5T7hAV-3n0aq4WLoAZr2316dLkuSXpul8NTRU-47KDAGr2vc3M19GMWWofyQ52MoQ-oa2H5AtSXnIeqyTKos4YFLmfmyFYIBiVuMIU--iotxS-WmP0TTAuQs8WJs993gnpe9wRgMx1KimKhgm5E0wEjjvs23AVLxFL6EyF6i7Zfsk1WUHL1yaxb1I4S-_77MffRRN6GIBPjvQfITvk7KUah0HlxN4eutSGZgOMb6PGnNkzGdFqk_qaOtaBnezM7GmT06T-yImnfR1MLyejlndk1C8CdjP-sO_x2mH51bwoB9NQ-TMGSZvpCAl6KWwVPt1P0R9jkSHUw==&vjs=3&p=2&sk=&fvj=0,Seattle,Security Engineer,CyberCoders,"Seattle, WA 98101 (Downtown area)","Advanced training/knowledge in cryptography, blockchain, etc. If you are a Security Engineer with experience in the field of web/software application security,..."
60,Error extracting date,/pagead/clk?mo=r&ad=-6NYlbfkN0B2LP6KtwgLMWcIJbzQK4y118hUYa2NHT0ELzb4aR6nDndKV5Rvcgr83_XqVwuZ_SY3N4x5SQe9whWhdkgVtUGFazcxIJ9b4FhWi4e62bJKGQeKapwLv0bkI1v8xhzHrf624ev6Bi2ykhNPf34blgqNUVAVIf4KZRtihycq-t39rkiz2WeX-yaXZsX1GCK7-bROSNpqvEQHKl1hiL_A_HEo8S7CB75BMYWd8zueGvtrEdtSkdzJC-GQY-GNOb7LDU5EO8MtD1MB5SGxASOcBjU9oLKGK5Awy7iLy_JOXJ1IhRgf95SgV97Rfd0vv3NQsZXmgbavLqp-RLGgtF2niaeYG2RJXDw7BmqFp0kaE2lNi4nEFcKp6wh0ldp3vio6Ve4=&vjs=3&p=3&sk=&fvj=0,Seattle,Senior Software Development Engineer - AWS Blockchain Templates,Amazon,"Seattle, WA 98127 (Downtown area)",Come join the AWS Blockchain Templates team! Experience in writing smart contracts for blockchain frameworks....
61,1 day ago,/company/Coinme/jobs/Customer-Support-Agent-8b8c3b81f42d96dc?fccid=a57b90ababdfbb9e&vjs=3,Seattle,Customer Support Agent,Coinme,"Seattle, WA",*Job Title: Customer Support Agent Reports To: Customer Service Manager Start Date: Immediately SUMMARY: * We are looking for a candidate who is...
62,28 days ago,/rc/clk?jk=7260513d430671cb&fccid=315baf4b0afa894b&vjs=3,Seattle,Customer Support Analyst,Bittrex,"Bellevue, WA","Blockchain trading platform, is hiring Customer Service Analysts. Founded by three cybersecurity engineers in 2014, its mission is to help advance the..."
63,30+ days ago,/rc/clk?jk=8f8debcc189fa0da&fccid=3f5f68959842d66c&vjs=3,Seattle,"Community Manager, Panvala",ConsenSys (Remote),"Seattle, WA",Our aim is to build the most technically-gifted and engineering-focused blockchain security team. ConsenSys is a venture production studio and the leading...
64,30+ days ago,/rc/clk?jk=9fd91e2783941f77&fccid=9af59bce51f078e3&vjs=3,Seattle,Fintech Associate Attorney - Junior,Perkins Coie,"Seattle, WA 98101 (Downtown area)","Our ideal candidate will have substantive experience handling regulatory and legal issues faced by blockchain, bitcoin and other virtual currency businesses,..."
65,30+ days ago,/rc/clk?jk=8cecef9cd8a82e6b&fccid=33885f202516daa8&vjs=3,Seattle,PR Manager,"Arcblock, Inc.","Bellevue, WA",We are building the first-lever Blockchain 3.0 ecosystem designed to reimagine how blockchain apps and services are built....
66,25 days ago,/rc/clk?jk=f1e81ef0559d937d&fccid=315baf4b0afa894b&vjs=3,Seattle,Technical Account Managers,Bittrex,"Bellevue, WA","Bittrex is a global leader in the blockchain revolution. 4+ years of sales or account management experience in financial services industry, crypto currency and..."
67,30+ days ago,/rc/clk?jk=11acee14f7e5e52b&fccid=ecfbb4fbf283f607&vjs=3,Seattle,Artist Care Specialist,StratusCore,"Seattle, WA","A career at StratusCore places you at the cross-section of disruptive cloud technologies, creative media production (CGI, VFX, gaming, VR/AR…) and blockchain..."
68,1 day ago,/company/Hointer/jobs/Full-Stack-Developer-ff5bc2acb9f3d32a?fccid=49ba1ccfc022c837&vjs=3,Seattle,Full Stack Developer,Hointer,"Seattle, WA",Understanding of blockchain and experience with blockchain platforms. Hointer is a technology company focused on improving retail....
69,30+ days ago,/rc/clk?jk=037a60f72781aaac&fccid=c42a2949866f6f3c&vjs=3,Seattle,Social Media & Events Marketing Manager,Atonomi,"Seattle, WA 98104 (First Hill area)",Technical knowledge of software solutions in blockchain and security with experience communicating information to tech-savvy audiences....
70,30+ days ago,/rc/clk?jk=c74e8fbb1200a58c&fccid=c42a2949866f6f3c&vjs=3,Seattle,QA Engineer,Atonomi,"Seattle, WA 98104 (First Hill area)","Have network acumen, extensive cybersecurity, blockchain and IoT knowledge. Are you looking to work with a team that will have a profound impact at the..."
71,Error extracting date,/pagead/clk?mo=r&ad=-6NYlbfkN0CpFJQzrgRR8WqXWK1qKKEqALWJw739KlKqr2H-MSI4eqIyHF2MMS4j1pBlH03xX9jJH8IbZvNXi8lgCtHu13aLi3Id0cqDJ6HXs8RLWmVEOjRdkAVjYACtuLjgCfvDi5H7Z9ixqU38Furry62veQ5d5jGhF5o_md2map0iMTC2Bu95AGqLxLXk_kS8jO1TxGVczJAK4nOuEGvxOSaZzEuXKc8Qu82ZY5T3g4S-JCrS8UdUImAsuPrFzFCtTaKhTT1ijIu3EdT17lC1wSpZ0Hjzo95aKuhCxT7wdK6YMGaXOHDtjKpZaM3c4H5xMC7UI-b-YyLXEitMxjzZ3eTGSM1NFAGe8myvPOakQgKxk-E1yfH5s-jmWf3H1W9Rp-eHpS3PbmBZi1e6NTzuJSWIJTMQErmKzJnxnoIwpQXOfad0gTRCXz3KpZJNeuTjfwi_5ATrzGcWcgUrPZd-JksudNA701-RLKFyDuCwX7FUE1SPN6DxlkMJfnbnpGdL7WaB3quFzHfT92gCHVyNzNbZ-3q-DJ-53nAxfTU63CX57hWJIPz2U06DyrEtZdG9AKPXAqanCbF8SG7hL3zGbZXr0Ai0t5vxqz-CEYm4VCzHUJjiNCZTEeuyEouW1t_GcA55nZ7BHVJ7l4WJ8tPWzJ570--BSYZ7WI-WJeXunZtUSXYXxQ==&vjs=3&p=4&sk=&fvj=0,Seattle,Cybersecurity Software Engineer,CyberCoders,"Seattle, WA 98101 (Downtown area)","Hacking complex software, embedded devices, cloud services, blockchain platforms, and more, we are among the best in the industry—and are growing fast...."
72,Error extracting date,/pagead/clk?mo=r&ad=-6NYlbfkN0CMS1r-8zjRGWd3KerRxqFx-fH0JYo0BdjKGbdXbSZ41h_bvMhwI3MKQtaUrfWufAAwy8iUPjbIsfpqnZrlCC4_OOExUnZJwTUXHHQcjkF8LGEqDB8pOBpXo_nC6XziXhSp7V9YTs2Vm59h5snH4SMB8a8D4WhVGlYI7T6ug7mStxKn6hcG2N8lH5MNpT3rcKuvICV3s4usf3R551peuV_bKsroTkvFN28ZGAWEmrLuOwzfPXcxqkA2ElASWBDLLGcqGIE0tGkazWqdgNcb47QcURcDo44H6M8C05Jpy7URHHpMNgOS00nnO5KknYFaKapZr7nE0y9YCu5myliMp5WHNbdoSvXYUkZugwiriLuFB4xlDilFUSP4aKRC58ASYlpPH0BQKy5qhUStPSZlhIjctedu7LGuFn7wy_Qt9A9aE-WLNNS20fFfZ_5NZRbVy7lzNNpZwzbMU0wb0gtFEfIINNOM6OCNM6w4zZkHJ9csG9ln-YKe-3WqUEfLGMAyyQicthPLrU_Nc2SwHgFhD_E4CSZz-HSslzibco9R_dwO19YvMgj51kFtGIPgcE2QBWpnB7pv5E9htlO9EcXxX3w3qcsTHvC_v2wc1C2nugXqtcf0YhrQ-f0nE-VZ2PyyTYajgBd4seIVYI5cPlnmAQSN87v2KOmdfxm6VCeEInzPDiTaAm0wqjKpdObRs3HTPAgd1WNk7UvR_g==&vjs=3&p=1&sk=&fvj=1,Los+Angeles,跨境电商国际物流专员-洛杉矶地区,Blockchain Peak,"Los Angeles, CA","职责描述: 1、跨境电商物流方案的设计和操作,实现公司产品在全球(尤其是中国)及时和准确的配送; 2、有效控制与降低公司物流运输成本。 任职要求: 1、两年以上国际物流工作经验; 2、合法报税W2; 3、反应敏捷、具有良好沟通能力及团队合作意识; 4、熟悉进中国海关报关和报检流程,有报关、报检员经验者优先考虑。..."
73,Error extracting date,/pagead/clk?mo=r&ad=-6NYlbfkN0CMS1r-8zjRGWd3KerRxqFx-fH0JYo0BdjKGbdXbSZ41vVMUA-OX1642_5fIblFnqK7dy8xTHa3iUxsOFSOZzV5s0Vs0tUxLQ-KethV60s5N6mQjcx7LEF7k6AbQHe7CnxQ6oHpK2KDRFNfjR_8oqXl0z2vy6xDGFMo-BK4PeTQhCh3SAxPcYceMTorydExVefbSzBkOyL57o5j64ELgV5fNjvRBKMr0-k4nt78pTl2TYivU66vThsxGiVMoBSYgy5rdHTqm7lGmChMTT5esP6ijWnek1ooUJdRvrwZcMGHU_jc8VXmvuIZWoyEYT5yw9APNiBoPDgZO0PsWeu3VCc6WZIUdXcPKoQRzad3g9dXZmPErNhDs0LFDxFDyqnzD3idtqn-ujQDX8zSloKg7qYwVcH6owpAthwG_gCNfyEU3bOw5NSpiiTVQeS2djqhmB8eiK0ooTbYRSJocxnj7h-QpDq6zEyGz12AwgbIiQiVx9YJrKq2BQmXGseIRh78BMF1YgQO4_-_RHU98WRBMiDtT4aIMG5SxnJWLp76hnLD2LtoOl2ymxXFYtLrpgPegZUXhngQAyK9TamIANUp5leuHqvp0npCV4RWi5U6tAC5Fp4v4e_6-96kOsNPr3GsZc1uSUb6ndnViDwUIiIUWfjjL7eeKUdTg7DqPnE3FS7-g1P9PzMSyJ87IsRI-E7FUrk=&vjs=3&p=2&sk=&fvj=1,Los+Angeles,招聘宣传广告文案(中英文)若干名,Blockchain Peak,"Los Angeles, CA","职位描述: 1.挖掘提炼产品和品牌卖点,撰写宣传文案; 2.与摄影师丶设计师保持密切沟通配合,提供图片效果需求与创意文案支持; 3.硬广丶软文丶宣传资料丶新闻稿丶产品说明书等文案撰写。 任职要求: 1.对健康类科技类产品有一定了解; 2.出色的文字创作和方案策划能力; 3.可以报税W2。 职位类型:全职 所在地..."
74,Error extracting date,/pagead/clk?mo=r&ad=-6NYlbfkN0BaDN7IHEXfLZa5HxzXjrEzTsNAP3dNH7PKkLiyGueFDK8fuhWBjXShYuw_iR5nfqrDrpBjEKPzpcwO9yK8jSWqCf0cI-unYwvrcPQ4llPRgNt3_OXYB7bg-pUxah4jS9MsFfu1021xdIULCy0oM6yAkJEZeekOTDLMFLcN3KhGG9sUNRxR1PJ1IdA2i1GYIfzr2zFK6bpRM2GhBKlHyGaioXIkjAWt7k6qQXmSPpx9Hw1WZb2IkSLAKweXQY9lVgKgPtaW11drageLiwXDLiY-nOa_SSEvl4AnHvReKpwcBstc_cJ2ILB4IfYE1moY40fKYWwDeEQHGaQUNDMzW20i5E915jKpRg5EzH-WcxnnlUPB8W7XTsA_3RCKiuC7XgQlP-nWs8xU6TSWRzZEFNBVZNY7ZsdRaR5cVYLx4BF-qDQ7boUITNZUwHUv6DbCRgo=&vjs=3&p=3&sk=&fvj=1,Los+Angeles,Sales Associate,Bitcoin Depot,"Los Angeles, CA",Bitcoin and blockchain:. Intermediate knowledge of Bitcoin and Blockchain is required*. Bitcoin Depot has grown to be the 2nd largest Bitcoin ATM operator in...
75,1 day ago,/rc/clk?jk=62da9b753b4b6f02&fccid=51330deb9ea36b45&vjs=3,Los+Angeles,Event Coordinator,OPSkins,"Santa Monica, CA","OPSkins/WAX is seeking an Event Coordinator to manage the planning and execution for OPSkins/WAX industry events, executive speaking engagements, tech meetups..."
76,10 days ago,/company/Consol-Partners/jobs/Business-Development-Manager-Fintech-Blockchain-Warm-Desk-8c45b29b7a52aed8?fccid=023cdab0a0b5a7df&vjs=3,Los+Angeles,Business Development Manager – FinTech/Blockchain – Warm Desk,ConSol Partners,"Santa Monica, CA",* Do you have a strong background in Business Development or as a Specialist Recruitment Consultant? * Do you want to be part of a rapidly growing team with...
77,5 days ago,/company/Global-Blockchain-Forum/jobs/Sales-Manager-92e1fc2c126f2a85?fccid=a59843b742719425&vjs=3,Los+Angeles,Looking for Sales Managers,Global Blockchain Forum,"Los Angeles, CA",Our company organizes blockchain related events throughout the globe. Looking for sales managers to sell sponsorship package....
78,16 days ago,/company/Serve/jobs/Creative-Blockchain-Writing-Internship-0c90a1323609e7f7?fccid=7971f1785db11653&vjs=3,Los+Angeles,Creative Blockchain Writing Internship,Serve,"Los Angeles, CA",We are looking for Article/Blog/Content writers who can produce creative marketing content for our company. Must be educated in blockchain/technology...
79,17 days ago,/company/Crowdcreate/jobs/Cryptocurrency-Community-Management-Remote-Position-ec93d3161c528d10?fccid=7f74b00cc8415fe1&vjs=3,Los+Angeles,Crowdcreate Cryptocurrency Community Management Remote Position,Crowdcreate,"Los Angeles, CA 90013",Prior blockchain experience. We’re connected to the most influential people in Blockchain. Our team has worked on over 40+ startup projects and have years of...
80,23 hours ago,/company/Autodidactic-I/jobs/Inventor-Creator-Artist-ad77e08053fdc15f?fccid=12ccaa5fef8c7e3a&vjs=3,Los+Angeles,Inventor + Creator + Artist,Autodidactic I,"Los Angeles, CA","Please do not apply if you only have interest and experience in one field.At a minimal, you have a solid foothold in each the financial *(algorithmic trading,..."
81,1 day ago,/company/Blockchain-Peak-Inc./jobs/%E6%8B%9B%E8%81%98%E8%BD%AF%E4%BB%B6%E6%B5%8B%E8%AF%95%E5%B7%A5%E7%A8%8B%E5%B8%88-%E6%B4%9B%E6%9D%89%E7%9F%B6%E5%9C%B0%E5%8C%BA-e7cce59b37ae3096?fccid=cd5d4c46ed5fbda1&vjs=3,Los+Angeles,招聘软件测试工程师-洛杉矶地区,Blockchain Peak,"Los Angeles, CA","职责: 1. 分析/编写测试需求,执行测试任务。 2. 负责测试环境的搭建、使用及维护。 3. 缺陷跟踪及测试结果报告。 要求: 1. 计算机相关专业、有项目经验者优先。 2. 性格外向,善于表达与沟通。 职位类型:全职 所在地: * Los Angeles, CA (最低要求..."
82,30+ days ago,/rc/clk?jk=334f5adab0f88c8b&fccid=51330deb9ea36b45&vjs=3,Los+Angeles,Customer Support Representative (Games on Blockchain),OPSkins,"Santa Monica, CA","OPSkins is seeking a bright, articulate, detail-oriented Customer Support Representatives. We operate in a 24/7 environment supporting global markets, and..."
83,4 days ago,/company/JYC/jobs/Full-Stack-Developer-75ddcb943e3a8140?fccid=11a01bb6157a5d86&vjs=3,Los+Angeles,Full Stack Developer,JYC,"Santa Monica, CA",Experience or knowledge of languages and resources for machine learning and / or blockchain development a plus! Full Stack Engineer (Full Time) - JYC....
84,2 days ago,/company/Printerpix/jobs/Technical-Inhouse-Recruiter-d251114777ee93f1?fccid=ecd8244b7075474e&vjs=3,Los+Angeles,Technical Inhouse Recruiter,PrinterPix,"Long Beach, CA","A high performance decentralized cloud, as proposed by Sparkster, is necessary to mainstream blockchain adoption...."
85,Error extracting date,/pagead/clk?mo=r&ad=-6NYlbfkN0D4LqQGcuU1DmvQla80HP-Y3gldAUF2xesFK6IbLOLdOdUisLSz5jdh0MIevzZ1r5E6vnWN9S6FBUKKWZmUHCSgxZaQRC9mjiiXevmcWozJ_AVmINcdoMU-C1Z8PSl9FVXd7-VjfGlFDqybETqRFbk9hg68u7x4Z_A5HPQvcE4ewseH07qZye40fBsR6V82ivgYf9vIT4tlZHeaHSwKTGpLNkdpoFrV686tsd1yJjpxTBa_oIi540Z26L2E1Z4_xRG8IzgGWsTyL7sEtlRfIgiTBEREoqGXIXTlp_o4q5GFBxJmH5LjqqYFLlOmwQ1pfTZxf-yQO32J5LzjNAW-D3n4etgmMlwEcdmXHOZk6SAlBHA_AVRWvS9N3DCD_0SkDQ9koPmF97rCGI0d-qZMMtEgigJkuAfNXnAiiLj3fOSCWKowdrbcn8G80dG5k8fa1A0=&vjs=3&p=4&sk=&fvj=1,Los+Angeles,Head of Technical Curriculum,Education Ecosystem,"Los Angeles, CA",Opportunity to work with a fast-growing US education blockchain start-up. LEDU Ecosystem (LiveEdu)*....
86,Error extracting date,/pagead/clk?mo=r&ad=-6NYlbfkN0Cf-0IOkWv-HTUpYQNKISSYBEv4rkMLSyEZh7d-GpDFqamEuQmHFqupWOzukqmPy-mCMCn6xJBaK3Pm34pq7JAaBxQdyrktCuSsD_cnuI6gqArQqd1aEc0Csdwkx-FLi64SmsTFndBRa7XpztYo_SeZHM3IJXAr7RsWUI-fv6xJu5leenQyD4LOph93v6vg2bPHE9E8BoUQAmH_VSc9qFLLbxgB1zqAbpVr2F9Pv_5vmjwGWdMLxgmBgvWl7ejjT_3c7pWo1vuI36AvNZu9QqnRXWOCOPA9TsxOdAHsfyDRtz04pRSUdxcp8DO7lXfpHCLQrvZEiwerOYU2qounlAYnY0-iIieHRKaOlSHolUMNb5ssz225prLl69HplFcKG0M1xotg8Sbd9B-lGheIMM1ELzwI24frDCwbvl9PXvXuT5TUSsWmrdWv&vjs=3&p=5&sk=&fvj=1,Los+Angeles,Sr. Games Engineer,X2 Games,"Burbank, CA",X2 is looking for a talented Senior Engineerto develop gameplay systems for online video games- some in the traditional space and others in the newest emerging...
87,8 days ago,/company/FIXnotes-LLC/jobs/Executive-Assistant-CEO-47afd7052b96d552?fccid=df48a3c7a6c84601&vjs=3,Philadelphia,Executive Assistant to CEO,FIXnotes LLC,"Philadelphia, PA 19103 (Belmont area)","Interest in Real Estate, Blockchain. Founded in 2017 by experienced industry market-marker Robert Hytha, FIXnotes LLC is quickly becoming a leader in due..."
88,Error extracting date,/ita?id=22451&tk=1clq3q7fh1fgj7hd&flowPage=jasxserp&flowType=inline&q=blockchain&l=Philadelphia&adLoc=Philadelphia%2C+PA&fromita=1,Philadelphia,Error extracting title,Error extracting company,"Philadelphia, PA",Error extracting summary
89,30+ days ago,/rc/clk?jk=e71c68c719307255&fccid=859e4ad467e5200a&vjs=3,Philadelphia,Research Analyst - Blockchain,The Institutes,"Malvern, PA",The Institutes have an exciting opportunity for an analytical professional to serve as a product analyst for RiskBlock - a transformational industry-wide effort...
90,30+ days ago,/rc/clk?jk=f603a675121f7524&fccid=2dd390c3a48a7ed0&vjs=3,Philadelphia,"Senior Associate, Blockchain Solutions",KPMG,"Philadelphia, PA","Design and build industry specific solutions using the Blockchain technology and design and build Blockchain framework, accelerators and assets...."
91,30+ days ago,/rc/clk?jk=077641d32c2993a0&fccid=859e4ad467e5200a&vjs=3,Philadelphia,Program/Project Manager - Blockchain,The Institutes,"Malvern, PA","Experience in blockchain platforms, distributed ledger, and smart contracts strongly preferred. We are looking for a forward-thinking leader to leverage their..."
92,11 days ago,/rc/clk?jk=8bfca300b4d0017c&fccid=49efe363ff14d902&vjs=3,Philadelphia,Digital Asset Sales & Trading Analyst,Susquehanna International Group,"Bala-Cynwyd, PA 19004","Overview As a Digital Asset Sales & Trading Analyst, you will gain an expert perspective on the marketplace for cryptocurrencies. You will have the..."
93,30+ days ago,/rc/clk?jk=1de111ddaf58a677&fccid=859e4ad467e5200a&vjs=3,Philadelphia,Product Manager - Blockchain,The Institutes,"Malvern, PA",The Institutes have an exciting opportunity for an innovative professional be a part of the RiskBlock Alliance - a transformational industry-wide effort to...
94,30+ days ago,/rc/clk?jk=6f5cabdf14c097b1&fccid=6d2160809c74cacd&vjs=3,Philadelphia,Professional Blockchain Development,Camelot ITLab Inc.,"Media, PA","Professional Blockchain Development. Understanding of distributed Blockchain architectures. Ethereum, Hyperledger, SAP Blockchain as a Service)...."
95,30+ days ago,/rc/clk?jk=8a62a39412883097&fccid=2dd390c3a48a7ed0&vjs=3,Philadelphia,"Senior Associate, Blockchain Developer",KPMG,"Philadelphia, PA","Design, develop, and test Blockchain technologies using JavaScript or Java as the primary language, with minimal supervision...."
96,8 days ago,/rc/clk?jk=3a3efdeca579f9cf&fccid=156c7820d1988640&vjs=3,Philadelphia,Support Engineer,SAP,"Newtown Square, PA","In the Global Center of Expertise, you will have the opportunity to work on the cutting-edge of digital innovation including the latest in technologies in..."
97,30 days ago,/rc/clk?jk=88cd654e6c82ebf0&fccid=4e42ec53f4b93e02&vjs=3,Philadelphia,"Manager, Platforms Risk",GlaxoSmithKline,"Philadelphia, PA","Demonstrable experience in managing emerging technology risks and/or use of emerging technology (e.g., Artificial Intelligence, Blockchain, Robotics) to execute..."
98,Error extracting date,/pagead/clk?mo=r&ad=-6NYlbfkN0B_ic_lyYdB92l-47iK7M2O-Cx2i-GLy_ImdN3yuA5nHl2bZBpVCXodN0BJw6CdKCUwOsUgyhUnj9OBxyJmK45Ulxx_Ce51TCovNmk-8uiyAt998dnDlck0DOTUxqA6DD9JAAOq7ZAdAcL-iPmwMIrNuAZD1ubDSW_4s7kStzKt0lbHg_c0obPPOYPlUid42M295kzqanpQZU204tkykF3IpV9mE4M_u_uJ0-MgijvMNtFhjoRYGSt8QyX_xdg1t0paG-RiHacZC3X-Bajh1m0i4dU8JGa7HYqve0vSFTTeFEB15KyGDVdAiULsysWnrO4MUNk6BvF9Xzdb4Xb9P_Vb5Yb2lKMsfQdaL4pfFzVme_3JaeRAh7G1czrSkFrQ8NP_1Pe4KeviIcHMOtZQ1GbUvTFLZ0S_hMVAq5MQtz9cGBPgZWI3cpBCqB3zy1UJYYZzkaNpGYi0PkeoF7n58PULRrhxX7tjEy1hlceTMTGEFTN1npaHoejpYE0B3l6-xt1b5F-OwHewEn3bLC3B5VbwDs3TlVyuuixuYruS2bu0Mx0NjtAIV051j8kAEIDcJRJnnr17GWnFFQ==&vjs=3&p=1&sk=&fvj=0,Atlanta,"Program Director, IT Service Innovation- HealthTech",Philips,"Alpharetta, GA","Deep understanding of converged, complexed platforms & technology (Philips HSDP, Cloud Technologies, Blockchain, Artificial Intelligence, Data Analytics) to..."
99,Error extracting date,/pagead/clk?mo=r&ad=-6NYlbfkN0BaDN7IHEXfLZa5HxzXjrEzTsNAP3dNH7PKkLiyGueFDK8GI2rzQPxcdMJC896M7sNzMdPnRIm08eiqYMk1TpZSuhrX9XugO7a_vuLkX4ASIH94oeT9QrEvcokttAfuwh3AtO1Tb3tUhtjboaOYzSscZ84Q5ofVrmvN-OFyqb9MiD8FjTxWtDS-2-pqfcBy1qs6s2lZBeeLtomn-IBPdZt2rzgxbAGKv1HlwrBfCH08V1vP49ROiKcENEEYguSYWQr8d5mgC_6kfectv1_fW1Hx8jmrENyh7RGkYs4QuW5gjsBpHSLJo2YdOo9Y4xsRu4Eh6wz6ee1VufbbeSN-3EA0JEATzHn73jZb72W_xsyAgNr-W4pEJ7JeVsvl0qgzyDMHrZpCusyjzVoKI33yx3eN5lY3lM88YZZ3kG5ZfhTGChacykjgq731ZaEBByupwklJ9nAy08jP-nE48e78HBYw&vjs=3&p=2&sk=&fvj=1,Atlanta,Bitcoin Kiosk Network Operations Associate,Bitcoin Depot,"Atlanta, GA",Bitcoin or Blockchain:. Intermediate knowledge of Bitcoin and Blockchain is required*. Bitcoin Depot has grown to be the 2nd largest Bitcoin ATM operator in the...
100,3 days ago,/pagead/clk?mo=r&ad=-6NYlbfkN0BnAn4R87GLcU0EsDbiQ_rR-1WgcdGJyfDLimXwXLOoRtpl9qun_WxGKdU1gpXBG8NYQXbmT1t4a841kV9h3w0GjSr0PoYTNj_FCTmC79H6I93FU6WKiUq2RzjTwyfDKkeJQ6qkkY-JCNpXsbUMltZfoms2BeHrZhyJe6SwTldusGBLqO1IJFFGHVJOD8VpEg83tk-5qChq_QpdUVE-fdYDwcjDpSVNZiVoPnhK0CpdLtl4M7iH_r5J0hSXTmELenafV7WG0xendrraWVvWvkFVePWAQmMNTbVdm385Oulny4lBXncEGl_MLHlWO1HnCAfS_WwY7umByT7TXIoNGLiJCb4CatFGoIF8nWUFgK9rziczbz6Fk7K12uvR-vlJJNPZHwT9OVrrzGi256bgi1UJ3N5aR2QAE5bT4fQUmc74WjsmNWUTQHjg33tudKK6A1z7uTTlnRrjDU7KsfEwLeqz&vjs=3&p=3&sk=&fvj=0,Atlanta,IT Infrastructure Solution Architect,Eliassen Group,"Atlanta, GA","Solutions Architect, Cloud, AWS, Azure, Blockchain, IOT, TOGAF, Security, Container, API, Microservices, SOA, DevOps, Databases, IT Infrastructure, Unix, Linux,..."
101,30+ days ago,/company/SupPorter/jobs/Unpaid-Summer-Intern-At-Growing-Atl-Blockchain-Tech-Start-e3be76494addb25a?fccid=68ee3ff83a900613&vjs=3,Atlanta,Unpaid Summer Intern at Growing ATL Blockchain Tech Start-Up,SupPorter,"Atlanta, GA",SupPorter is currently facilitating an Initial Coin Offering in order to merge its current business model with new innovations in blockchain technology....
102,30+ days ago,/rc/clk?jk=c9e648fb20752026&fccid=2dd390c3a48a7ed0&vjs=3,Atlanta,"Senior Associate, Blockchain Solutions",KPMG,"Atlanta, GA 30338","Design and build industry specific solutions using the Blockchain technology and design and build Blockchain framework, accelerators and assets...."
103,30+ days ago,/company/Renaissance-Labs/jobs/Social-Media-Community-Manager-Intern-dbb0c6d7e073c3d9?fccid=88699731947853fc&vjs=3,Atlanta,Social Media/Community Manager Intern,Renaissance Labs,"Atlanta, GA",INTERMEDIATE LEVEL KNOWLEDGE OF BITCOIN AND BLOCKCHAIN IS REQUIRED FOR THIS POSITION. Renaissance Labs is a blockchain development and consulting firm focused...
104,10 days ago,/rc/clk?jk=128cb55e7776e3e8&fccid=2a4da7fa99f4b9ae&vjs=3,Atlanta,Strategy Director,"Anthem, Inc.","Atlanta, GA 30339","Artificial intelligence, blockchain, cloud). At Anthem, Inc., it’s a powerful combination, and the foundation upon which we’re creating greater care for our..."
105,3 days ago,/rc/clk?jk=e9fb8a6bff21fea1&fccid=d4243aec81760af8&vjs=3,Atlanta,GO Developer,Spartan Technologies,"Atlanta, GA","The candidate will have a background in software development, with experience in deploying and maintaining enterprise applications, ideally in the..."
106,30+ days ago,/rc/clk?jk=29dcea18532e3989&fccid=e4af9ca5b6d3a604&vjs=3,Atlanta,"Program Director, IT Service Innovation- HealthTech",Philips,"Alpharetta, GA","Deep understanding of converged, complexed platforms & technology (Philips HSDP, Cloud Technologies, Blockchain, Artificial Intelligence, Data Analytics) to..."
107,30+ days ago,/rc/clk?jk=a73e1e87e8c2bf6e&fccid=2dd390c3a48a7ed0&vjs=3,Atlanta,"Senior Associate, Blockchain Developer",KPMG,"Atlanta, GA 30338","Design, develop, and test Blockchain technologies using JavaScript or Java as the primary language, with minimal supervision...."
108,30+ days ago,/rc/clk?jk=9b8f7088cc9cf330&fccid=50597ebf467edd46&vjs=3,Atlanta,Innovation Lab Manager,NCR,"Atlanta, GA 30308 (Old Fourth Ward area)","Manage the cross-industry SW innovation lab, providing hands-on leadership, engaged in inventing and exploring concepts using cutting edge technologies like..."
109,30+ days ago,/rc/clk?jk=24c6b02e381c0654&fccid=55bf6ffe5c42e816&vjs=3,Atlanta,Senior Recruiter / Account Manager,Payments & Cards Network,"Atlanta, GA","We specialize in all things payments related - Risk & Fraud, Cyber Security/PCI compliance, Crypto/ Blockchain, eCommerce, FinTech, Merchant Services and..."
110,30+ days ago,/rc/clk?jk=cf2f891e923f4b03&fccid=cbbfed7bb49c1aea&vjs=3,Atlanta,Senior Account Director,HatchWorks Technologies,"Atlanta, GA","Intellectual curiosity and passion around software and emerging technology, such as blockchain, virtual reality, machine learning, and robotics...."
111,Error extracting date,/pagead/clk?mo=r&ad=-6NYlbfkN0BaDN7IHEXfLZa5HxzXjrEzTsNAP3dNH7PKkLiyGueFDPLqoxr61NKZn0in0R5FZf31OnTkXeEMBP3GFYo9Ip1ErVW8ZSFIs95qvbtA2bKqHRgLtZlWmtAY_IQO1BfLKhoXBfB7Xcyz0P83YaNhgcKuCgGiZ-TVe0yEnGJ_uz8FF7g0A5KdGnJpDA_QdU5O0azmfnOSWV4sWHMSLHdiBt8rL8uohvbGsoAkWgIZpCbgliydT3-_cKWFamKSAJpIZevDtsDcWq17wmdI8lTXxVtnzTFReN2pmSItRkCH3hw9B-aW0qTrdsUc0abAphEzp-85z6lapymU_tAS_hgIXh0dZpxPqMoX2_a2zsT6_mTnEi_UXpIsm4jPaPDAPf6mXCzu34vxf1oD0C0igmNS8e-dNGmWT64dtwjsDk43yZPSwnYKIv7di9gf&vjs=3&p=4&sk=&fvj=1,Atlanta,Marketing/PR Intern,Bitcoin Depot,"Atlanta, GA",Bitcoin or blockchain:. INTERMEDIATE LEVEL KNOWLEDGE OF BITCOIN AND BLOCKCHAIN IS REQUIRED. INTERMEDIATE LEVEL KNOWLEDGE OF BITCOIN AND BLOCKCHAIN IS REQUIRED...
112,Error extracting date,/pagead/clk?mo=r&ad=-6NYlbfkN0BJV8vsY2PHMqLuCC61jIHRX-h4M3ZSaWyweaY4Z0dZwkZLCt-GKuM36O_ISXsJzDxIplZVafy9qnMrstUw_vwM5gf3TkOT5n0EEweJEXAgzP-VtXM-kZLodwWPgMVLEbammQX7FSzEGFMEcull4UritH2hoKUeQN-EIe_PW_-Cpq3BSD8VijCMF41NONpMP-xBCrNMBSFYFqwenZ8YUPtOPepypPIPZjfnspVO3E3iZ4he1uLnhih-Gw4kYbvIc3lBFVOXVxZXLmUfmX4fxG1nDJs_nK9PAauElQWJ_g-7PtuqLvlIuUB5pgJquxFBs87-rr6VUdTyaJo00H95ewcKT4_R16d7i677Y2X5K7iDSC8bPh068zdma-79IKMHvsi8xi1Ww4MWl1n3JD_XFvxMvfveAptrS20i-vNtTSPl4g==&vjs=3&p=5&sk=&fvj=0,Atlanta,Strategy Director,"Anthem, Inc.","Atlanta, GA 30339","Artificial intelligence, blockchain, cloud). At Anthem, Inc., it’s a powerful combination, and the foundation upon which we’re creating greater care for our..."
113,1 day ago,/pagead/clk?mo=r&ad=-6NYlbfkN0Bjic9BpODao-m9BEup4myv2yv9o6hanv70kCRpjMjSDTQvczca9pJgQSphqkPktusnE_-Ec9vHbZSrSPV6cB5EUlnKSfiiunsTPNPj_qbfks3wk9tqMNtp6ep_yzxqJ-yV6XeqHwMVwKG5seqRSdmRNYv1clS_BCZnpGT-G9qKubRB7INhwdISFkaJF6-EN3Ks4WgXAWa-AfxqnWA74dbrGrDza2SMeQ9qde1EbfbLv4xDs6zUKflrA--BijLcH4SPyyjpBOp1B0mbKRux_n89UPeUymUrgyJCCgn_efNIdUxL0dnjEV03AhdBRRxIeD6T8wftUWeZxWgLJdsNRzoyanl4mT6SA6rG90Bv9jGZ0cu0_QvRKmkj1Tvif_jkKtdkhMQiO46lyAxqhEORUs6JKAi22BxA8zDRjKJhznHRSy5l35LUrf2b&vjs=3&p=1&sk=&fvj=1,Dallas,Blockchain Developer,"Pyramid Consulting, Inc.","Irving, TX 75038",Immediate need for a talented Blockchain Developer with experience in the Telecom Industry. This is a 6 month contract opportunity with long-term...
114,Error extracting date,/pagead/clk?mo=r&ad=-6NYlbfkN0DPhTdUClI5LzfhAu1yKalG75v0eNLMlcd6maXcCfBUXPBiN5b5QpoQnaagfOAbI_9YyZiG8-aLNz-MWU_ipvHZr5pVcrOO41KLbWZCB6jXlWbzLaDlzWs-Nzmk0u-1tWC6gnMZJrOedy7Qmqz9H2M-MurXrmrztCAhghMNq8eYtXddzVTPXxFaz348vuOQn9K7ofgqxz3R6cc09asxWTv-_O33nHtMrfMXITKAY0ntA0gH0mf5dFy9WZaCroJ4XBriCysGaJMG35IUm6ZbORdPMytmdxMtYki6UPAdy1_jCa1Vpes_f-1QdcAeJFMtEQJ7TCt2_2X5KegEtrH8VQtLW0zp5X3qIN_ks-lT8p15l4iF7oNuVINK5uvN13_QYBKbgFL2ZJqgOHeePBYLsWdL4z9X-gJ_gCJto3dJzCPjUVHJl3U2TEoB5Rh40ZW-Dkq_RWwysijPHVgIVthCtpno5kX4O3P_SEorG7oNF_K8io5gE6MlW1CAgkHGhNd_e9l07aTSe38gZl_UQZTycHVfgsYRCSioQojTfxn2yDydjbs5pNDco6CG8RsJNC2Dhk66-9S7mCH8_XTbd80BhK3crZYsLFNDz5jTgPDJTv2nytX2ZqqK1rEFK4hh9E6zm6QIEQdwgbzHmGZnngTltKxWmXxrvywi-IeXW1XljjiIa11dTbDiSPhkfA1xb1NmIGk4R00xnjnj5a8ra34tIiPtzXQjVD1tRozFENd7G86a4TgVCd52iDMhHxyb7UQvSj9hiEcBUycKU2S7ICvKccRpYBj64Rywsdmuq2kFvY3MDq5QuJIriOM6gltEFnDTw7BvG4LCL-VmWm05sLPhPA0E8N_XawLzuQpuyJzojsOJNFbJUQDcJex7l_wSKmnh3lY0TGor_3drCdRtClmas49ppmnWrP11McvTpUxtBfFYMEvBJYCeL0TNcMR6A4zcWxM=&vjs=3&p=2&sk=&fvj=0,Dallas,"Head of Advanced Analytics, AI, ML",Citi,"Irving, TX",Have deep technical knowledge and experience in blockchain technology (ideally via previous successful projects performed) and have an established network of...
115,Error extracting date,/pagead/clk?mo=r&ad=-6NYlbfkN0ApJOTgkfHuAKZ_726Ay3TXrD1lNMzk4uQ2L6a1wDae7z90j-4PBIdDCeiCrNpQ-T_nLGUko3hZPE9EVrtAtZ_PRJUm1ZJ1ddx3Lk4CSeOgKyykCgGPw23B6BmaTllrvsLe_T92L8BOWqnBQPe-xRGTY4oaN0E3XWMfZZiY7UtokdY7JBwuXH8J6hhx9-rTGFGyi9AVvht0sK3gu5NONQafijbLATwIta8R1ounsMBAtKxVfg2KPTkmEddWRV2gNGt1g-9P1jMfqjC5LnWXWbhWQzKCry0KgcTZxlPKsJSRWklT-6Hkeu7pBhaNh1BEduMT4YVkZmbCjzzZxRlmyWoYhGU5H0-Z-BGLPykH4lYDIBNB1SRi3j-Z8xO7gGDq40TXi-r4K8BNP8E4rGovljxAffZF9dA9OxVS79k5aEap0l05qYFmjyInnTG-5bC3NUIDKqEZSXfM6DaiIlgixj2pYv3i2tZULAsWvDtEpvb_lPC63LSBV57IZB3UnwDiKsG2xvaKjCoa61BUXEQQOZecSo2_dMwoB-g_djuUgri-NFlcB4MXWZVIXGlCE49kL0eVuIJnkg1bS9OhovvaUKxLQu2qsBwW5UTr6gp-ebdnmBViPTEIFgSUcQVZqIIZotlSeh5A6C-vnSTAULRTjM35xpFDpoG48GZQYh6Yk2UWMLw_X5m4S1Yk2VJXkffdGVvQZkEetTZc_IT-uLd4AgO_3S5kUUjXRS8yKzK0tb-JC5SkctyGRMd4zikP3gIoA_7LFivp1Ur0MkLqHlNlfKLURiA6vDqFzWo0BttFiwK4J_QRiMZLEjZkRfl1TQMHf7Hq1Bi51sG8JrZCwnK6GBvJ7JV6rQ7AxYTl9W6GaTxcqilAqyDOxwsB0zBXL4XXEvTZelrwCpwiR7omnrKKy9Azs4J7X9BVTLzJ8ZoEP4AAx0Jj6BAzD0Bs&vjs=3&p=3&sk=&fvj=0,Dallas,Solution Architect,Bank of America,"Richardson, TX 75082","Experience in Digital Banking solutions, Blockchain, Conversational Commerce and Robotic Process Automation. This position is responsible for providing end to..."
116,19 days ago,/company/Krypital-Group/jobs/Event-Planner-Coordinator-7bca5cf7a19cbf96?fccid=48a2a44869259a4c&vjs=3,Dallas,Event Planner and Coordinator,Krypital Group,"Plano, TX",Krypital Group is a leading marketing firm specializes in comprehensive Blockchain marketing services to clients worldwide....
117,26 days ago,/company/Krypital-Group/jobs/Operation-Specialist-1a3fdbf963295ee1?fccid=48a2a44869259a4c&vjs=3,Dallas,Operation Specialist,Krypital Group,"Plano, TX",Krypital Group is a leading marketing firm specializes in comprehensive Blockchain marketing services to clients worldwide....
118,9 days ago,/company/Grey-Incorporated/jobs/Junior-Software-Engineer-f15fee1df12193f1?fccid=98bc1e215760219f&vjs=3,Dallas,Junior Software Engineer - Startup FinTech,Grey Inc,"Dallas, TX 75201 (City Center District area)","Understanding of the blockchain technology. Point of Sale system, Supply Chain Management system, and Peer-to-peer transaction platform utilizing the blockchain..."
119,26 days ago,/company/Krypital-Group/jobs/Office-Administrator-f4779c998a6aaeaa?fccid=48a2a44869259a4c&vjs=3,Dallas,Office Administrator,Krypital Group,"Plano, TX",Krypital Group is a leading marketing firm specializes in comprehensive Blockchain marketing services to clients worldwide....
120,19 days ago,/company/Krypital-Group/jobs/Event-Manager-5a526cda52a2a5f7?fccid=48a2a44869259a4c&vjs=3,Dallas,Event Manager,Krypital Group,"Plano, TX",Krypital Group is a leading marketing firm specializes in comprehensive Blockchain marketing services to clients worldwide....
121,26 days ago,/company/Krypital-Group/jobs/Human-Resource-Generalist-fc5a5073d091a6cb?fccid=48a2a44869259a4c&vjs=3,Dallas,Human Resource Generalist,Krypital Group,"Plano, TX",Krypital Group is a leading marketing firm specializes in comprehensive Blockchain marketing services to clients worldwide....
122,1 day ago,/company/Camden-Kelly-Corporation/jobs/Nodej-Developer-Find-Blockchain-Telecommuting-f2a94b714862d223?fccid=c987faffdf3456d9&vjs=3,Dallas,NodeJS Developer – Find blockchain & telecommuting here,Camden Kelly,"Dallas, TX","Are you going batty for blockchain? Research and develop with blockchain and build organized code. Work on a wide variety of greenfield projects, research and..."
123,30+ days ago,/rc/clk?jk=8f83623dcef04083&fccid=bfe246c1b9fb02f3&vjs=3,Dallas,Customer Success Associate,Figure,"Dallas, TX","Concurrently, we are building a blockchain protocol for the origination, custody, trading and securitization of whole loans and other assets...."
124,1 day ago,"/company/Soho-Teck,-LLC/jobs/Project-Manager-57f8ca81243241bc?fccid=6deb790afd172308&vjs=3",Dallas,Project Manager,"Soho Teck, LLC","Plano, TX","Researching, general planning, managing, executing, business tracking and coordination maintenance of the blockchain industry projects...."
125,19 days ago,/company/Krypital-Group/jobs/Operation-Director-85b5a85f28afa437?fccid=48a2a44869259a4c&vjs=3,Dallas,Operation Director,Krypital Group,"Plano, TX",2+ years’ experience in the blockchain industry; Krypital Group is a leading marketing firm specializes in comprehensive Blockchain marketing services to...
126,Error extracting date,/pagead/clk?mo=r&ad=-6NYlbfkN0BEhGvx0zGXfLkTTmikvtHKrs-4kgm1e_Zh29k8f9sMVkp4Q0W19fj8Ny-C627FtPqVAl_8JWj11SCfNd86WwBp4GU5QiINHUnk41oy3GOFLIhn58rnlzM-HCYik6qzY56F8rRwE5dWc_4oof5ZecelwzK6K39x0M0nChUvjbsGewyyh4wyqAFTkjhCixm56gUMW2czSFRssX0OXwpX4tVXXiApBHg4CJ4zK0Ci-oFAVNF9efBQgKi7YtctYcKAXMQpZVZgvPaeW2fCDtol32WPYfW476OyXYSJW1IqcCdx-baX-Y4x9_U4fcCOTt_BESbbOVkJt-4L7wW_9sHI-WvuHfskqvHhO_b1kKdBD2eQnzchUQUa3Q08cXTbFsguWCNQJTpafY07Ut2QAYpm8jzTycde9pLFHWHeScOdpACx7vOxExF7yPQOtZk3EZENQP5RUcg2JN78coC0ObRtGiHW&vjs=3&p=4&sk=&fvj=0,Dallas,Senior IT Auditor,MoneyGram,"Dallas, TX","Participates in audits and consulting engagements related to technology platforms (including Windows, Linux, Unix, Mainframe), systems development lifecycle..."
127,1 day ago,/pagead/clk?mo=r&ad=-6NYlbfkN0AUwBOqrSZWf474NGPhXCPWpU9mpSqt2OKsFFTDcodg3IK0nS6BBwcHye2G9BakYgsKHA4X_GA_yfMkKsHTEL1gTXggGQg2UX5Yh4uxbF-vHRIDmyDUqKikRPv3VSA8OtnE0XaoNBmMXJDVUGofltxB5x6eMLJprME8TXy4M9riNFBFBwBtngJ9fJ__Ob48I7IBlCC25p55GFWRcb2VH7t4JyTuh_HS392gzWkPx81AW7dHK-sxWfDALen4DetIVN44e-sEeyNJAZemIaR95r2et6bKwbou9H2aJfRnafUXp1Qpcqa55-ZfJVtlj9PFYGPYI3G3h5gwt2G7Xbahxj7dOdtWrX68v9UfjgeHrxbYC8gPssh60M-bofjumcoE7Ly30s9ufN856vOvFpRQC5700WkTrHZwxtp-_eSYNx5zNflAAx17jb9RXEOgVjRohx0=&vjs=3&p=5&sk=&fvj=1,Dallas,Product Manager- Mandarin Speaking,5miles App,"Dallas, TX",The Product Manager will help to reinvent the classified and local commerce industry with mobile and blockchain technologies and with social and gaming product...
128,Error extracting date,/pagead/clk?mo=r&ad=-6NYlbfkN0BxdzeAHFmNSkxk-9UVwkWZ3dLEkWckRMohJWYVETMG0iJUVU57x7OmId9XHa1Mjt9nSpVe9vcBPqSyiKChVNJqgkxIbrPiYx-PZBz2JKcI0efXpNRaoJGdXglDh5Maqfn3gJJxCBC9YttZrTBC8OleGsmGKxtnMcbZ3aaSaPFJLTKpSW9cgf4EyfVfpd9UZT7PuvDqGQTs7PbfBp46LWm-paShKeQ-rgZh_oNwAKvwLPV_fwCJdbhHcopGbZSdrJIetzsAZ0Nb8vfe3Z79iW7ZzKeiyqHn8SwQ_23ipapFMO6AEeBX2uiB8Dks0RJbnWP7YublM7IjXxH1rdIlcFnbEKtyZWRHHaSyy-8ixwmC_FAFXNUzE767bprrDdVUl3WL03uaOlfAy4VGwR6qsF15hr0hYAzgJ4jlXfkKKjugeUlOdceGUm4tkpuRDvG5vtT8FlwghHIfWDVJTwez0XpcLkGQ86FxVwquMk5BwATDrSrpqFqHJqL7&vjs=3&p=1&sk=&fvj=0,Pittsburgh,Innovation Lead,CGI,"Pittsburgh, PA","We’re looking for Innovation Leads who bring fresh ideas and innovations from all areas, including information retrieval, distributed computing, large-scale..."
129,Error extracting date,/pagead/clk?mo=r&ad=-6NYlbfkN0BxdzeAHFmNSkxk-9UVwkWZ3dLEkWckRMohJWYVETMG0iJUVU57x7OmId9XHa1Mjt_pPFU_jRlOnZm8Qrg8Te9PPbQI9lgtn94mq4x2hjgue2-vhgPvFgV3hT5n7WPEtD2xnb9hXcnO8Se9VBFg4mzZjqfLWaL8Qhw4PXEUv8amHSyJvtQ2PishCyuvCm8ByHT6jo5-FlG8yT1gs3prrrEouIlADUCo1WPBGkELH7Yx4yuOR1vFfux1948jSpgKMkzTASXqOpeF-DjICF6y-HtNflUbPE5UyFT83xjamq2NRPJDQj9Zaj-MudSlAK9r2mPmRCEq_jQ7AHvOe0en81ON9CRpMvdYcD49k4Z09nztIa5E022CUHfLWCnyjqtvuUDJ1qrvu1WfjDe1i_4N1h-EJhCLm1oI2sgHsLonAso9lnCtqfA_TVm0Y-YS2QhXWhaKi74QXg1gSoMjqOth9GenxghNVkP1uR6JaF2TD7vrv261p4RclXpu&vjs=3&p=2&sk=&fvj=0,Pittsburgh,Senior Innovation Engineer,CGI,"Pittsburgh, PA","We’re looking for Senior Engineers who bring fresh ideas and innovations from all areas, including information retrieval, distributed computing, large-scale..."
130,Error extracting date,/ita?id=22451&tk=1clq3qbj71fbl2o0&flowPage=jasxserp&flowType=inline&q=blockchain&l=Pittsburgh&adLoc=Pittsburgh%2C+PA&fromita=1,Pittsburgh,Error extracting title,Error extracting company,"Pittsburgh, PA",Error extracting summary
131,16 days ago,/rc/clk?jk=449ed0aae64d1bf5&fccid=3322122de9faaef8&vjs=3,Pittsburgh,Blockchain Engineer # JN -052018-39720,SSI,"Pittsburgh, PA",Learning about Blockchain. Excited to learn about Blockchain technology; Corda or other Blockchain platform is helpful....
132,30+ days ago,/rc/clk?jk=b88737a471f42adc&fccid=a2faf1301ac6ad4b&vjs=3,Pittsburgh,Security Intern,Bosch Group,"Pittsburgh, PA 15222 (Strip District area)","(Distributed) system security and cloud computing, with emphasis on fault-tolerance, secure computation, secure function evaluation, implementation aspects of..."
133,24 days ago,/rc/clk?jk=889724944cb61e9d&fccid=44432605a1a5bfa1&vjs=3,Pittsburgh,Blockchain Developer,Mastech Digital,"Pittsburgh, PA",Monitor blockchain technologies. Work on blockchain POCs. Work on several unique Blockchain initiatives. The Blockchain Developer would need to have at least 5+...
134,30+ days ago,/rc/clk?jk=3540c3a76d135a70&fccid=d2841a5c0380b93d&vjs=3,Pittsburgh,Innovation Lead,CGI,"Pittsburgh, PA","We’re looking for Innovation Leads who bring fresh ideas and innovations from all areas, including information retrieval, distributed computing, large-scale..."
135,30+ days ago,/rc/clk?jk=1fdd4835ac728c64&fccid=d2841a5c0380b93d&vjs=3,Pittsburgh,Senior Innovation Engineer,CGI,"Pittsburgh, PA","We’re looking for Senior Engineers who bring fresh ideas and innovations from all areas, including information retrieval, distributed computing, large-scale..."
136,30+ days ago,/rc/clk?jk=6e2cc3f33f00ec73&fccid=44432605a1a5bfa1&vjs=3,Pittsburgh,IT-Software Developer/Programmer 1,Mastech Digital,"Pittsburgh, PA",May have done some research on Blockchain or Distributed Ledger; Mastech Digital provides digital and mainstream technology staff as well as Digital...
137,Error extracting date,/ita?id=22451&tk=1clq3qd0u1fau2t6&flowPage=jasxserp&flowType=inline&q=blockchain&l=Portland&adLoc=Portland%2C+OR&fromita=1,Portland,Error extracting title,Error extracting company,"Portland, OR",Error extracting summary
138,30+ days ago,/rc/clk?jk=2166479e2e5b644e&fccid=52f9c3faebfe609c&vjs=3,Portland,Blockchain Analyst,Smith + Crown,"Portland, OR","Assessing public blockchain technologies, business models, and markets. You have been following the blockchain industry for at least 6 months and are familiar..."
139,30+ days ago,/rc/clk?jk=fa286ef35b854c62&fccid=52f9c3faebfe609c&vjs=3,Portland,Director of Operations,Smith + Crown,"Portland, OR","While blockchain experience is not firmly required, is it a meaningful differentiator. Smith + Crown is the world's leading blockchain research organization and..."
140,30+ days ago,/rc/clk?jk=d42f94a0fa8a8d01&fccid=52f9c3faebfe609c&vjs=3,Portland,Product Manager / Digital Producer,Smith + Crown,"Portland, OR","Interest / experience in cryptofinance and Blockchain technologies. Blockchain technology has the potential to disrupt and reshape nearly all industries,..."
141,30+ days ago,/rc/clk?jk=6d7a31e9fec2bad8&fccid=943a7e7e5ab2806a&vjs=3,Portland,Software Engineer - Blockchain Developer,Bitclave,"Portland, OR 97220 (Parkrose area)","Experience in blockchain technologies like Ethereum, Solidity, decentralized application development. Understanding decentralized application design patterns..."
142,30+ days ago,/rc/clk?jk=244abb9dbd28ac05&fccid=52f9c3faebfe609c&vjs=3,Portland,Lead Visual Designer,Smith + Crown,"Portland, OR",Interest in cryptofinance and emerging blockchain startups. Lead branding initiatives for new companies in both the blockchain and traditional startup spaces....
143,13 days ago,/rc/clk?jk=2307bf962e8f7f1f&fccid=52f9c3faebfe609c&vjs=3,Portland,Web Developer/Engineer,Smith + Crown,"Portland, OR","Blockchain and decentralized web technologies. Smith + Crown, is the home for research and analysis across the breadth of Bitcoin, blockchain technology,..."
144,25 days ago,/rc/clk?jk=b1f7e4b4594cb942&fccid=991caa21fb0de58f&vjs=3,Portland,Software Engineering Manager,LO3 Energy,"Portland, OR 97209 (Pearl District area)","Familiarity with blockchain or distributed ledger technology, either conceptually or hands-on. LO3 Energy is building a platform to enable decentralized..."
145,15 days ago,/rc/clk?jk=d1adcef5c7b7f49c&fccid=3867a8e4c049cd62&vjs=3,Portland,Back-end Software Engineer,VanderHouwen,"Portland, OR",Familiarity with Blockchain and Smart Contract concepts. Back-end Software Engineer....
146,Error extracting date,/ita?id=22453&tk=1clq3qefs1d6d049&flowPage=jasxserp&flowType=inline&q=blockchain&l=Phoenix&adLoc=Phoenix%2C+AZ&fromita=1,Phoenix,Error extracting title,Error extracting company,"Phoenix, AZ",Error extracting summary
147,4 days ago,/rc/clk?jk=830807c16ca10024&fccid=0a532b988c245368&vjs=3,Phoenix,Social Media Coordinator,Uphold,"Phoenix, AZ 85003 (Central City area)","At Uphold, our mission is to create trusted access to digital money and financial services for the many. Since inception, we have fought to provide a fairer,..."
148,24 days ago,"/company/Fortech-Energy-Inc.,/jobs/Blockchain-Developer-Intern-db6b51bc42830227?fccid=71907356626277c5&vjs=3",Phoenix,Blockchain Developer Intern,"Fortech Energy, Inc.","Tempe, AZ",Design and Develop Blockchain Solutions with focus on Private Blockchains. Keeping abreast of new technologies in Blockchain / GitHub....
149,30+ days ago,/rc/clk?jk=c3b48324c502e2b3&fccid=8881f7f9e22de728&vjs=3,Phoenix,"VP, Application Development",Marsh,"Phoenix, AZ 85016 (Camelback East area)",Experience with Blockchain technologies. Bachelor’s Degree in Computer Science....
150,30+ days ago,/rc/clk?jk=72ad90de3d0a6bf6&fccid=8881f7f9e22de728&vjs=3,Phoenix,SVP - Digital Platforms and Integrations,Marsh,"Phoenix, AZ 85016 (Camelback East area)",Experience with Blockchain technologies. The role drives business and technical capability definition and development in our Digital Platforms space....
151,24 days ago,/rc/clk?jk=c7e6e905077ee30c&fccid=357f6e7ff220cf83&vjs=3,Phoenix,Blockchain Developer,APN Consulting,"Scottsdale, AZ","Following Skillsets are required for Blockchain developer. A deep understanding of ledgers, consensus methods, blockchains, and cryptocurrencies in general...."
152,30+ days ago,/rc/clk?jk=b1c9ae1021351b9e&fccid=a7c5036618407010&vjs=3,Phoenix,"SVP, Chief Enterprise Architect",McKesson,"Scottsdale, AZ 85262","Blockchain), microservices, hybrid / multi-cloud systems, DevOps, machine learning, computer vision or IoT. McKesson, a Fortune-5 multinational company, is in..."
153,30+ days ago,/rc/clk?jk=8d36ec24b7245588&fccid=ed716871ce36e212&vjs=3,Phoenix,Angular Developer,VincentBenjamin,"Mesa, AZ","The technology uses some of the most cutting edge technology including AI, Blockchain, and containerization...."
154,30+ days ago,/company/Cyber-World-Consulting/jobs/Senior-Cyber-Security-Consultant-05f588ab580657ab?fccid=26ae5fda743a5b4c&vjs=3,Phoenix,Senior Cyber Security Consultant,Stealth - ISS Group Inc.,"Phoenix, AZ","If you tick all of these boxes, and preferably (but not essentially) have experience in Blockchain and IoT technologies, then our client, a global MSSP that..."
155,30+ days ago,/rc/clk?jk=63457a76343f5a9b&fccid=ed716871ce36e212&vjs=3,Phoenix,Python Developer,VincentBenjamin,"Mesa, AZ","The technology uses some of the most cutting edge technology including AI, Blockchain, and containerization...."
156,17 days ago,/rc/clk?jk=39c2853533a79836&fccid=ed716871ce36e212&vjs=3,Phoenix,Golang Developer,VincentBenjamin,"Mesa, AZ","The technology uses some of the most cutting edge technology including AI, Blockchain, and containerization...."
157,3 days ago,/pagead/clk?mo=r&ad=-6NYlbfkN0BecIWxPG4Z83PYmj-hympQIkvg1uh6k7ochzsB0LsXWxf-AgGyGf7cvSDLPE7riWe6ZLu_gz7FdAQRgRDokcayFEMKeinrzLTCQm6FMx-IA8PE0U3sVkIJWEykqg9HaclUIY6des66mwqydUxglEpvPFpc4QFEDzGPYUQNSVhg8wkJ7YuvpWPwHwcXR3AKVJ7W1oZDto-wjc6j-dQ7aSE25FQCgALu6l9zIvRzI9-IjwXk_B5BovdR8qZHT74fnE_khc-KNdhClv1ayxPjqYZDnDdjRGY4plgLTmIWUB3420gzm5fg5mx_jkRA-JIX_gAnIUlsf_zJq_kByuy3cx4RHP6FOVPwSUotL9i-qmiNOYy2Or70Ks6p2uNoYTxyQoZ0pFlom4LDHBOe42jBRCB7rdvgZLnezKkH-giXvksgJ6NqMQgJRIQBTtGOSI-cBxA=&vjs=3&p=1&sk=&fvj=1,Denver,Visual Studio .NET Software Developer,PolyPort,"Denver, CO","Interest in ML, AI and Blockchain technologies. This is an amazing opportunity for you to shape a new product and take it to market as a part of our development..."
158,Error extracting date,/pagead/clk?mo=r&ad=-6NYlbfkN0APZtHmdh1INzcUws35yy9tIV7bCA4i5sEvVwjexaa41V5-xAGxR5F4cKfJRqEp1KF6iKgW1FdswU7DU-B8CFeb24F7cxosvRO8X_ARYdznoUNdo2Ex1DxyMVw0KbPfjDf2dz2R2RRlbIiCUp4LUwDMqfI_m0pLyJxoUNYAaFEeuZr6WwEUHQq98dtVSGwczHhxFjTV1-Tc4FNvJgpRyddDmS2DKmZbhdIeKx9a_bLPe5AlMaPzS2IYhmI1iceH4BBcm33KfztHpdOrHIbYVMnta_Nj7yh_yQ1oAm3WVmcPwIZx65mWSVOdgn2ss66cWnR-FoQT5TFWBghCBtfds6TfpQYKKF75u7uvY2NZSuK-zFnB-X6xP1K9Qf-Qk_OeGCUcPQQY97rBhp1-3be7Y1izV4ywMsNtdE0CeUTVhMU7z4qBZFDdwtFLtgIPmv-T0acmDa_uIfNmgw==&vjs=3&p=2&sk=&fvj=1,Denver,Part Time Conference & Event Coordinator,"Global Blockchain Summit, LLC","Golden, CO 80401",For the annual Global Data Summit (GDS) and Global Blockchain Summit (GBS) we are seeking 2-3 people in the contract roles of Conference Event Coordinator....
159,Error extracting date,/pagead/clk?mo=r&ad=-6NYlbfkN0BOat8IXsCXllIGCSLRSx_kmkIG41v9XrG-3sCmeqlLcwQobVzfo6E2x1vCqOa0gozKEhtiZB25VWZNIfcCCqbbynu6tvgQbjUtPslGc57BQo8TKkgnefW34alEUSZIcVhkQ3PZEkJZJs4JqXKSfm6y8nSMKTNLTgFHFeOjrhg4LC5ZtAD39UvBTG2uDzRpek754oYlFdnNOOxq2O4gfUzMmH-xCusPSLo4X-SspebqGb-iMg5jAXg0pE1F-6D3KJxwPQDoe4ijtIu2hQ7z_vcHH8Tod_oojfNdmXhFUSI1drqAcmWMrjVF1fh7sz9rDK-SStyiKy2eobZNmBpPIhPzVjoiK4m9jfqe-vLRVOmHN6fxMNYAppJa0d0vjrUjtin4isJ3iCBmzmFBFQeWBhkRh3MIwILESuqQ8kGvvGvNtcbR9X0PzoedZikeiSevrsWy2vHhylOO4Q==&vjs=3&p=3&sk=&fvj=1,Denver,"Senior Software Engineer: Python, Fast Growth Cryptocurrency Startup",TriStaff Group,"Denver, CO","Senior software engineer, senior software developer, software developer, backend, back-end, fullstack engineer, database developer, database engineer, architect..."
160,29 days ago,/company/Tecdonor-LLC/jobs/Social-Responsibility-Sustainable-Impact-Blockchain-Ico-Remote-e9342e2226369efd?fccid=b1dcc5b2d99aa7e1&vjs=3,Denver,Social Responsibility & Sustainable Impact | Blockchain & ICO | Remote,Tecdonor LLC,"Denver, CO",Web Development & Blockchain Integrations. Tecdonor LLC is looking for social impact enthusiasts to join our community....
161,29 days ago,/company/Tecdonor-LLC/jobs/Marketing-Media-Relation-Blockchain-Ico-Remote-3cc623a81f6aecaf?fccid=b1dcc5b2d99aa7e1&vjs=3,Denver,Marketing & Media Relations | Blockchain & ICO | Remote,Tecdonor LLC,"Denver, CO",Web Development & Blockchain Integrations. Tecdonor LLC is looking for social impact enthusiasts to join our community....
162,29 days ago,/company/Tecdonor-LLC/jobs/Project-Management-Program-Development-Blockchain-Ico-Remote-8791442afd331cfa?fccid=b1dcc5b2d99aa7e1&vjs=3,Denver,Project Management & Program Development | Blockchain & ICO | Remote,Tecdonor LLC,"Denver, CO",Web Development & Blockchain Integrations. Tecdonor LLC is looking for social impact enthusiasts to join our community....
163,29 days ago,/company/Tecdonor-LLC/jobs/Business-Development-Customer-Retention-Blockchain-Ico-Remote-14073c9584690da5?fccid=b1dcc5b2d99aa7e1&vjs=3,Denver,Business Development & Customer Retention | Blockchain & ICO | Remote,Tecdonor LLC,"Denver, CO",Web Development & Blockchain Integrations. Tecdonor LLC is looking for social impact enthusiasts to join our community....
164,29 days ago,/company/Tecdonor-LLC/jobs/Support-Community-Management-0ca225e86c02481c?fccid=b1dcc5b2d99aa7e1&vjs=3,Denver,Support & Community Management (Remote),Tecdonor LLC,"Denver, CO",Web Development & Blockchain Integrations. Tecdonor LLC is looking for social impact enthusiasts to join our community....
165,29 days ago,/company/Tecdonor-LLC/jobs/Web-Development-Blockchain-Integration-Ico-Remote-30f05e3ca2d022ee?fccid=b1dcc5b2d99aa7e1&vjs=3,Denver,Web Development & Blockchain Integrations | ERC20 & ICO | Remote,Tecdonor LLC,"Denver, CO",Web Development & Blockchain Integrations. Tecdonor LLC is looking for social impact enthusiasts to join our community....
166,29 days ago,/company/Tecdonor-LLC/jobs/Sales-Partner-Engagement-Blockchain-Ico-Remote-374b13d58ff7f39e?fccid=b1dcc5b2d99aa7e1&vjs=3,Denver,Sales & Partner Engagement | Blockchain & ICO | Remote,Tecdonor LLC,"Denver, CO",Web Development & Blockchain Integrations. Tecdonor LLC is looking for social impact enthusiasts to join our community....
167,16 days ago,"/company/Genesee-Academy,-LLC/jobs/Conference-Event-Coordinator-d62910cf9603d2b5?fccid=4ee7d66d4c9ebdf3&vjs=3",Denver,Part Time Conference & Event Coordinator,"Global Blockchain Summit, LLC","Golden, CO 80401",For the annual Global Data Summit (GDS) and Global Blockchain Summit (GBS) we are seeking 2-3 people in the contract roles of Conference Event Coordinator....
168,29 days ago,/company/Tecdonor-LLC/jobs/Graphic-Ui-Ux-Design-Blockchain-Ico-Remote-56025c9f56aea117?fccid=b1dcc5b2d99aa7e1&vjs=3,Denver,Graphic & UI/UX Design | Blockchain & ICO | Remote,Tecdonor LLC,"Denver, CO",Web Development & Blockchain Integrations. Tecdonor LLC is looking for social impact enthusiasts to join our community....
169,5 days ago,/company/Jellyfish-Technologies/jobs/Sales-Representative-47473d0d7a2cbd70?fccid=124cf1155885622e&vjs=3,Denver,Sales Representative,Jellyfish Technologies LLC,"Denver, CO","We serve various domains like Telecom, E-Commerce, Payment Processors, FinTech, IOT (Internet Of Things), BlockChain to name a few. This is a remote position...."
170,Error extracting date,/pagead/clk?mo=r&ad=-6NYlbfkN0D5Tt650HUOwH3XRvTl4zBOA8A4ReOHOoI0E2LKbZKmPdaYKfylqJgtlTl7FWZHOHWUWdRzHNjnEMk_xF_L2zC_4lTM0CVmfnxZBTi_Lt46fVmvGUESVTYZ8eq7TKrbbE4MoxWphpeLXdo36LjHKN7Q8dpHlp-sbTd1gxGWxzBObL1NZN-6i6GE3h9DqVebB4BKKMVcFQsQVPjSvRNFZ2rkM5yvepy9uz3hK9wJm9KRk94N5di2USjE1-DA9JkKSXgHsvJUhbAyg0LG4WywoUZF1yB48RQ_o5DXiS4oj9kID8oF1LxZXgVEIiSjwG15aFGtTvcd-_w4-F2K8qIZj8JROZu35njU4VtvilPV8faAkcW_07zbdEzU1NhWklVbazNh8k8bxv96hiSxp7BD1er5w6Ds9JtU0dA1oTsAdX7gdNdgpjiICRsXZFNKVxBfIlkwjDBSlDRTwBaeaxjTRVokbqDK8uUstTFFXGgaEbnhiIC-NaEUMTNbd7rFJDch9KY=&vjs=3&p=4&sk=&fvj=0,Denver,Director of Portal Technology,Prescient Co,"Arvada, CO",Lead blockchain technology vision and integration with Portal roadmap. Prescient is disrupting the construction industry by attacking one of the last frontiers...
171,Error extracting date,/ita?id=22453&tk=1clq3qk431fbl5od&flowPage=jasxserp&flowType=inline&q=blockchain&l=Houston&adLoc=Houston%2C+TX&fromita=1,Houston,Error extracting title,Error extracting company,"Houston, TX",Error extracting summary
172,30+ days ago,/rc/clk?jk=77b0bdfc1142eb3e&fccid=da80a5e16bcf5467&vjs=3,Houston,Social Media Specialist,Hexagroup,"Houston, TX 77006 (Montrose area)",Familiarity with or strong interest in blockchain technology (!). HexaGroup is looking for a Social Media Specialist to support our internal marketing team and...
173,30+ days ago,/rc/clk?jk=481ff25a0268309c&fccid=734cb5a01ee60f80&vjs=3,Houston,Consultant,Microsoft,"Houston, TX 77056 (Galleria-Uptown area)","Expert guidance on Azure platform services and disruptive technologies like IoT, Blockchain, AI, OSS/Containers, Augmented Reality, Angular, React, NodeJS and..."
174,30+ days ago,/rc/clk?jk=8e8fbfb2ac5045ae&fccid=2dd390c3a48a7ed0&vjs=3,Houston,"Senior Associate, Blockchain Solutions",KPMG,"Houston, TX 77058 (Pasadena area)","Design and build industry specific solutions using the Blockchain technology and design and build Blockchain framework, accelerators and assets...."
175,24 days ago,/rc/clk?jk=91f404535a5a0352&fccid=390f73b2a122ac51&vjs=3,Houston,Director of Programme Delivery,Centrica Services Ltd (UK),"Houston, TX","Ours is a world of data lakes, machine learning, AI and blockchain. Programme Delivery Director - Overview...."
176,30+ days ago,/rc/clk?jk=81114e3bd57e5839&fccid=1196f2e3f43d848d&vjs=3,Houston,"Sr. Manager, Property & Materials",KBR,"Houston, TX","Sr. Manager, Property & Materials - 1070128 KBR is an equal opportunity employer. All qualified applicants will receive consideration for employment without..."
177,30+ days ago,/rc/clk?jk=b534a8385805086a&fccid=c20166dea913bffc&vjs=3,Houston,"Sr. Manager, Property & Materials",KBRWyle,"Houston, TX","Sr. Manager, Property & Materials-1070128 KBR is an equal opportunity employer. All qualified applicants will receive consideration for employment without..."
178,30+ days ago,/rc/clk?jk=15df2291860bc577&fccid=2dd390c3a48a7ed0&vjs=3,Houston,"Senior Associate, Blockchain Developer",KPMG,"Houston, TX 77058 (Pasadena area)","Design, develop, and test Blockchain technologies using JavaScript or Java as the primary language, with minimal supervision...."
179,19 days ago,/rc/clk?jk=e91b4b833f6c7fa3&fccid=e58aa3df58d6f71e&vjs=3,Houston,Sr. Business Process Analyst,"Pacific Drilling Services, Inc","Houston, TX 77079 (West Houston area)","Certification or on hand experience in one or multiple emerging automation procurements and supply chain technologies (e.g., RPA, blockchain, etc.)...."
180,30+ days ago,/rc/clk?jk=70264b7dae74da9d&fccid=a4e4e2eaf26690c9&vjs=3,Houston,Tech Advisory Blockchain Delivery Specialist - Southwest Region,Accenture,"Houston, TX",2+ years of experience with Blockchain. Experience helping clients architect Blockchain integration with backend ERP systems and other applications....
181,30+ days ago,/rc/clk?jk=fdd80a491033f1ff&fccid=4554dfa611049e07&vjs=3,Houston,Sr. Business Process Analyst,Pacific Drilling,"Houston, TX 77079 (West Houston area)","Certification or on hand experience in one or multiple emerging automation procurements and supply chain technologies (e.g., RPA, blockchain, etc.)...."
182,Error extracting date,/pagead/clk?mo=r&ad=-6NYlbfkN0BaDN7IHEXfLZa5HxzXjrEzTsNAP3dNH7PKkLiyGueFDK8fuhWBjXShcNSqEMu3qa0paXcvHSM2qmZbab-pbUlo8mTCtL3IrBG-t4z-nYnGO-4K7pNWwN0OLOHYHc5lC5E4lh5xGVJXcj0SzT9QDbBDoNIeQCt18sECpGW2JxNL2mbiseAfqeBqG9-NKq645kN2z0TMnKvNwv9_rXukeSgfwZpZTA9RBppmUZ1nCmPAWbujmiJgulYPzhkMRlugqkSLmqETKx8qnoQtYyftOaOnkO8M7KyC3jVFtldv1e6w7P4S7O6iQRspEl8urqaiw2Um_Uvu-sXimNbKTszfUfQvgqdS-KI_zyxV42eYWM50DlHNfzrXiY9u_O0Fty25QO49wIaVwpBgEP5ePLlxPVUN&vjs=3&p=1&sk=&fvj=1,Miami,Sales Associate,Bitcoin Depot,"Miami, FL",Bitcoin and blockchain:. Intermediate knowledge of Bitcoin and Blockchain is required*. Bitcoin Depot has grown to be the 2nd largest Bitcoin ATM operator in...
183,27 days ago,/company/Bitcoin-Depot/jobs/Sales-Associate-d8657fd03751a80f?fccid=fea8b2b81be27766&vjs=3,Miami,Sales Associate,Bitcoin Depot,"Miami, FL",Bitcoin and blockchain:. Intermediate knowledge of Bitcoin and Blockchain is required*. Bitcoin Depot has grown to be the 2nd largest Bitcoin ATM operator in...
184,26 days ago,/company/Riot-Blockchain-Inc./jobs/Corporate-Assistant-Controller-eb95cb0b3c4eb059?fccid=e7210bb5a64df800&vjs=3,Miami,Corporate Assistant Controller,Riot Blockchain Inc.,"Fort Lauderdale, FL 33394 (Downtown area)",Riot Blockchain Inc. Riot’s exposure to the blockchain ecosystem centers around its cryptocurrency mining operations and its targeted investments in the...
185,30+ days ago,/company/USOTEGIA-LLC/jobs/Senior-Software-Engineer-e397605e95776a99?fccid=328e6c600faf6adf&vjs=3,Miami,Senior Software Engineer,USOTEGIA LLC,"Miami, FL",Strong knowledge in Blockchain architecture. Software development in wristband and devices....
186,17 days ago,/rc/clk?jk=bb4d2b7992dfb12f&fccid=a597124b2fa10a9a&vjs=3,Miami,Digital Engagement Director,KEMET Electronics Corporation,"Fort Lauderdale, FL",Participate in the generation of a proposed standard to use distributed ledger technologies such as Blockchain to enable reduced transaction friction....
187,25 days ago,/rc/clk?jk=016ae415e1eb8d6d&fccid=2e40c6c13d0c1010&vjs=3,Miami,Senior Digital Business & Technology Strategist,Sphere Inc.,"Miami, FL 33160","From advanced analytics, blockchain technology, drones that count inventory to artificial intelligence for customer retention (and everything in between), our..."
188,29 days ago,/rc/clk?jk=3e8dc9544c327a49&fccid=a3f737e511d9fc8c&vjs=3,Miami,"Director, Regional Innovation Experience and Content Manager",Visa,"Miami, FL","IoT, blockchain, AR/VR, data, and other technologies. Visa’s Innovation team is a global client facing organization that sets Visa’s public innovation agenda..."
189,13 days ago,/rc/clk?jk=233597dd3bd8f4c5&fccid=2720db03e0317b7f&vjs=3,Miami,Entry Level Software Engineer,LaunchCode,"Miramar, FL","Javascript, java, c#, csharp, php, android, python, jquery, html, c++, ios, css, mysql, sql, asp.net, ruby-on-rails, objective-c, c, .net, array, angularjs,..."
190,30+ days ago,/rc/clk?jk=bea554dc84915dd6&fccid=6fa9cb83bfde6850&vjs=3,Miami,Marketing Director – Asset Management Financial Services Startup,TalentServed,"Miami, FL","Proactively stay at the forefront of the blockchain market, competitors, and industry trends. The successful candidate will have a deep understanding of..."
191,11 days ago,/rc/clk?jk=01296b5e9a1b0465&fccid=2720db03e0317b7f&vjs=3,Miami,Entry Level Software Developer,LaunchCode,"Hollywood, FL","Javascript, java, c#, csharp, php, android, python, jquery, html, c++, ios, css, mysql, sql, asp.net, ruby-on-rails, objective-c, c, .net, array, angularjs,..."
192,30 days ago,/rc/clk?jk=385c33337d10f337&fccid=7c31a87e01c2a348&vjs=3,Miami,Full Stack Developer,Tranzport Inc.,"Aventura, FL",Join our all-star team building the world's first Cloud Based Freight Reservation and Management Platform. Our AI driven platform matches shippers with...
193,Error extracting date,/pagead/clk?mo=r&ad=-6NYlbfkN0CO40fVFeA9mbNF0fza2mT-xofM8q1cdHbahEMV1JCScBbh7NvheJgc5iNMraY8RparouH5wZUZIEJlFadcYwgygebbsqHm2vzB7E1kUGRpqu3e_-PLWMoBPHa91jWwQ4b2KlSZsjfBLPoFqjuvY2pkNsHwpt7xWQUDQyDavq46OMIWKuhplPqqJk8SYEkJr1xD8ZKtV_7o1topaYT1fYTpJUiDGJAiYSpU_KvpSGq5WDrHdlmF2DeeU8SWW9zjVKnF7JiXBlPz-TWaWsVJgRWDgeEDqibvycAcmKCs_e-1wjPpiS-wlZLbw9lizvASMGj9WAwf4t7mNaY1A5q4878mtAFZuNhzN23KEwRPpg2kF4x5fq7dZKTvScDiHkHSkxaVoe3FppTQ3KPOgR_FnKip3CO5lfg4OeYdP_4ZWPxbRQpLFJLK0kOk7PIskw9xv4Ypn2dbjDisSzjvllTyOdCH&vjs=3&p=1&sk=&fvj=1,Washington+DC,Senior Java Software Engineer,Shilling & Rott,"Washington, DC",You want exposure to cutting edge tech including interfaces with decentralized data markets built on blockchain. SENIOR JAVA SOFTWARE ENGINEER*....
194,Error extracting date,/pagead/clk?mo=r&ad=-6NYlbfkN0CoaTL8xV3hMwGp3N7_JTupvLmE5lj1T8UTX15ED3FmPLmypIaMJ6v7o7aSN43B-X8H5ZenHOlbz-c_Atgk2ABeUht_0jtjOC9nnnfJHaffjEAW8FTrUm3BuodUYxQdlHzRyCCRAYvyRWLPf2PzrHE8BTePa_50KtFzBtVOyprDV9ASF75aV1GKQJAcQ9tSnwj-jf8KHQkeNHNpicDETanjV2gpeqlJ4Cf9yaR112IQISwDgyZOooCRQsNMT5QHUZ5yhME__4tY0uqiH643nMRuBcPd_DiQCSYhS3n7g9zccMkZeM2TcT3eltA7H3IfTqKtRNEtmyWwAfD7nkoAfY4hvAviqD0WyNU7uNbtghA_xCOxEWKtcuryJSrt5dwMYoV9a5-PbnqET6acX_tS3kgPFpMrLFeobCdMb01fGqSr2bbFIzGVcy-W6lwaPL4W2NrKZFw4IxpHcqOsTzvWqvksbsJgNk-w_Brd4HEarKrPapCYU6zj1DZbboFER0DVY3eMkbIXn8JiqeCqVQs-rZSPLzvaRkBW_ifjOi4kgaqzKAJVmMUN3x9TWCzJcS9z0Xw2RUwMzGFRaZErIIqXZBRRLLkDhcfuofz_YsbE6yHc-dWm70rMvCJohE7gNAjTCWECdUZOEUyBZUJDwZPIQuDKpbep30_A6HmwBWF6UGPlb_ELoFBbVqA0f02oaaz7qp2Fq8-GM0BTxRZJPmo3TbaFIXU3dIU0WeserxXV1yqpe9Jkj2kxVy_lbYC8kXhVEXMQG9EhBwzOQs6TviAHkkbkhUpSwHavtJSx4svBLAigmTAINvHP_VCUw3UbZJehMi_m67yG4t1Z2XiYGehQ-5uYxlsaycWVEBSf9RRHwCYBCCjYXCrQHKDh7SI0xJUxR4Prs8js2zseKjD5t-2QzwTfqF2KoG5cVmioa4kWwHgv1ryn72DSGgxXdpphbwQVKH9vls3yeBfr9_KeXpu808a29hbDnkqEHmQQUd_Un-aAcz78eGCf9wK08TT9371GPbM=&vjs=3&p=2&sk=&fvj=0,Washington+DC,Digital Product Manager- Consumer Bank Transactions,Capital One,"McLean, VA 22107","Have you geeked out on the possibilities of the blockchain or open banking APIs? 1750 Tysons (12023), United States of America, McLean, Virginia...."
195,Error extracting date,/pagead/clk?mo=r&ad=-6NYlbfkN0DFG_y2cBgEVlLMNZ1bPO7TyVjfV0MXRd3dDJITEfV9hGrdCi2JgCvGThYwrXlhvlWNYPSPwDw525gJ-WtTPvfeniW_GmOwAnJkicotu6HOYfcGvHuR9rRfBxFUlLMkXeDA2KCcJiqmsA9tfgOajnVRBtCBAVjQKldn4xaZFDbOyHhiNTKyGy-qkE6yO736Dhi8VRe0xVqtHgyRbr_mknZZCAKSFWRPxw4sr5q_vtuE135ip5Z419UbhaqWXr1gDgYrddJ4n6p5fdErfQRsLTZYlO0xy5rf4Cl3gt_-bA0vYU_xIcsho2JzRI0Ys-lGsTL2wiXb5SA7RsDdMB4J-oEyWPZdTM2KUIWKWm-qLSJrEGv97u1F2ujKDoROSrmd4AQQakBDwBpsJIMy61q8r5KNEgtVRu3WFuTProU1-ueSh-x6SLsIin1tm3vl5LdptRlX5IQuTmbTnA==&vjs=3&p=3&sk=&fvj=1,Washington+DC,Software Developer for Leading Edge Projects,"United Solutions, LLC","Rockville, MD","Build rapid prototypes with leading edge technologies such as Blockchain, Artificial Intelligence, and Machine Learning...."
196,9 days ago,/rc/clk?jk=ee0e3422250fd686&fccid=315baf4b0afa894b&vjs=3,Washington+DC,Business Development Analyst,Bittrex,"Washington, DC","This job is ideally suited for a recent graduate (within the last 2-3 years) with a business, engineering or communications related degree who is interested in..."
197,30+ days ago,/rc/clk?jk=1012dad6c1408172&fccid=b6c59ab6d24036c1&vjs=3,Washington+DC,Marketing & Communication Coordinator,CG/LA,"Washington, DC 20005 (Logan Circle area)",Including blockchain and cryptocurrencies. Leading global advisory firm seeking a Marketing & Communications Coordinator at its Penn Quarter office....
198,8 days ago,/rc/clk?jk=e13c6d2acbb7b65d&fccid=b4ddda29c106f4dc&vjs=3,Washington+DC,Investigative Internet / Cryptocurrency Analyst,R9B,"Washington, DC 20260 (South West area)","As an Investigative Internet Analyst you will support a government customers investigative unit to assist in local, national and international cyber crime..."
199,16 days ago,/rc/clk?jk=4d0762118ec93d04&fccid=de71a49b535e21cb&vjs=3,Washington+DC,Business Transformation Consultant- Public Service Sector,IBM,"Washington, DC 20001 (Shaw area)","Business Transformation Consultants work on projects in various roles (examples below) and spanning various Public Service organizations – Blockchain, Cognitive..."
200,30+ days ago,/rc/clk?jk=d9e538f3229d2826&fccid=4927423575e88769&vjs=3,Washington+DC,Sales Director - Crystal Blockchain,Bitfury,"Washington, DC 20001 (Shaw area)","The expertise of The Bitfury Group ensures successful, easy, fast, secure and cost-effective connectivity to the Blockchain...."
201,30+ days ago,/rc/clk?jk=6defd1638f42e233&fccid=b0f9b3018a9429d8&vjs=3,Washington+DC,The Center on Sanctions and Illicit Finance (CSIF) Fall 2018 Internship,Foundation for Defense of Democracies,"Washington, DC 20036 (Downtown area)","Familiarity with cryptocurrencies and blockchain technology issues would be useful. In particular, interns will assist with analyzing trends relating to..."
202,30+ days ago,/rc/clk?jk=36505d1a3a015e6c&fccid=de71a49b535e21cb&vjs=3,Washington+DC,Blockchain Leader - IBM Public Sector,IBM,"Washington, DC 20001 (Shaw area)","IBM Global Business Services is looking for experienced blockchain consultants with experience in Public Sector, Supply Chain, or Financial Markets and leading..."
203,2 days ago,/rc/clk?jk=7d059de9f4d220f6&fccid=2c1a2db4e678196f&vjs=3,Washington+DC,BlockChain Developer,TECHNICA CORPORATION,"Dulles, VA 20101",Blockchain Developer who has solid expertise in system. Technica Corporation is seeking an experienced....
204,30+ days ago,/rc/clk?jk=1e45ddd51afebab2&fccid=b6c59ab6d24036c1&vjs=3,Washington+DC,Business Development Associate or Manager (Latam),CG/LA,"Washington, DC 20005 (Logan Circle area)",Models of project financing including blockchain and cryptocurrencies. Leading global advisory firm seeking a Business Development Associate or Manager at its...
205,30+ days ago,/rc/clk?jk=78676521fab0b066&fccid=b6c59ab6d24036c1&vjs=3,Washington+DC,Director of Blueprint 2025,CG/LA,"Washington, DC 20005 (Logan Circle area)",Models of project financing including blockchain and cryptocurrencies. Leading global advisory firm seeking a Director of Blueprint 2025 at its Penn Quarter...
206,Error extracting date,/pagead/clk?mo=r&ad=-6NYlbfkN0CnE4yjpJsVBzMsA9_C13krh17P2rBAgRI0CwGZ4tO1PWlV0qOwDcuyIR1LJ0qImhSUY9bhYBf9RR36H8Qxx4hdOQ1OU-XXOdVZf-dK3p3DxSIM9u2Wq2jMasaA2g6lRK-CKtk5LTnT82s3hQQEl--3KQhiejoGElKJKcSCDugl51JStCf5suoYduqthv59QDHUGOuMOEWXncqhzPV7NpKu9q_Nbl3H8Jy-uB5rZwpNYQ10tDidYDQSd8lpXDIq4JySbBW1mUtfGWPplMGMr-j864VWJuxYB_iZPxw4_YJlLOmEJ2PIfMdcB-XCLyvqSskFCIvyqncFLi3PySA_nCFTs-TyHwprfwlY_sCJW7-aX-mG3_IodZ3ZdOSWk8isdqtRoD8jFiLLoliJquhtR9FZkxMrVjlURr714ulav5d6lGH_JDGI6mNf&vjs=3&p=4&sk=&fvj=1,Washington+DC,ATM Field Technician,Black Frog Blockchain Ventures LLC,"Rockville, MD","Black Frog Blockchain Ventures, LLC is on the forefront of the virtual currency revolution, and we're expanding our team!..."
207,Error extracting date,/pagead/clk?mo=r&ad=-6NYlbfkN0DFG_y2cBgEVlLMNZ1bPO7TyVjfV0MXRd3dDJITEfV9hJOQP_tA56X8wrJ0s9b3X1PBB0129jwWTH4nJyE_z07L24al73RUX-LTQPKpnw_tOi_9MWiX1n-QKyPeD295_PPEvNdXgBJbrC1xcOE5mN8jAGLJRWGfTxzEFOzV1xacrat7Vn2WWYf7lR0AmodV7ljw82nTMbcPtEW0aqndXKm9seYFEVNobDD_UBQFMsLm8VNPa75CHF7Kww3E09-VNjxOfxoWsqn8f4ZmSVDw8F8AbCskJiKyVmg6-2NtKGGUwfx4cGLu0BKe7SbafRm8kMR8m2zzb1Hxo8pVJ6o82bnCd2Lxgu18cQdPO4H2tbGGOdgpf1qHjY0iH0lmD9j3lOHdazv96OzHuLc2e8AnNzBI4i95MryVdtRIy_CP337v0w==&vjs=3&p=5&sk=&fvj=1,Washington+DC,Creative Designer,"United Solutions, LLC","Rockville, MD",We built the first Federal Procurement Blockchain and Artificial Intelligence Platform for the United States General Services Administration (GSA)....
208,3 days ago,/pagead/clk?mo=r&ad=-6NYlbfkN0BecIWxPG4Z83PYmj-hympQIkvg1uh6k7ochzsB0LsXWxf-AgGyGf7cvSDLPE7riWe6ZLu_gz7FdAQRgRDokcayFEMKeinrzLTCQm6FMx-IA8PE0U3sVkIJWEykqg9HaclUIY6des66mwqydUxglEpvWZyhSZwmjMPJtL52voMESv-sPAZ9MMrVh0I116i7P3mD7bhQY_XOLOVSyxDbgiEuZiU1sTW6KYX_SNM0yTtW54pfsDOAlf1iwendMK-5aVrgjZ9Q6w6oHPM2upfLmMhj2VQIxxE0eGMowRgWtrflabz9vBR1XL1CagFGzKcQ4qLP_FHRjoESNfPjmJbCl8kJcM2lAsB49Z1bJHJ1H9AJX-Dup-Ss1Wf6RYWJHgW-tpISA1HdGuTKUQmVZ5eT3JKgeegfaNkEAhg3ltJM5ew1sHD79Gb_ay3pad0vc-DyBOI=&vjs=3&p=1&sk=&fvj=1,Boulder,Visual Studio .NET Software Developer,PolyPort,"Denver, CO","Interest in ML, AI and Blockchain technologies. This is an amazing opportunity for you to shape a new product and take it to market as a part of our development..."
209,Error extracting date,/pagead/clk?mo=r&ad=-6NYlbfkN0APZtHmdh1INzcUws35yy9tIV7bCA4i5sEvVwjexaa41V5-xAGxR5F4cKfJRqEp1KF6iKgW1FdswU7DU-B8CFeb24F7cxosvRO8X_ARYdznoUNdo2Ex1DxyMVw0KbPfjDf2dz2R2RRlbIiCUp4LUwDMTFiq1_reL0mLKUk7z1CuRHSQ1SK6qYZ_0f7gHTd2utYGNt6B2cIm8lvDCBBSZ6TbAs0K8q_1uvvW7KCG1e0JNtRgI2vRmltdqdpWnTEdlL9U4K5WtWosQJFCy-1kDILBBEAs3y0f6eLnzVoEKavoY_0h298H8lnZHyCkZZPcB1jHj2mJ4CRO04NNW3_OgOieYa4eq0COGbeNV4krbX68150UgHSQBoy0iOPd_-g_JaBkTZghfDkksiYAqjv1U_Q_-5J4G2caHApG_lFkGLIL2TknHlwXHSYbsEq-LjQxBIHSN0lRTvi-yA==&vjs=3&p=2&sk=&fvj=1,Boulder,Part Time Conference & Event Coordinator,"Global Blockchain Summit, LLC","Golden, CO 80401",For the annual Global Data Summit (GDS) and Global Blockchain Summit (GBS) we are seeking 2-3 people in the contract roles of Conference Event Coordinator....
210,Error extracting date,/pagead/clk?mo=r&ad=-6NYlbfkN0BOat8IXsCXllIGCSLRSx_kmkIG41v9XrG-3sCmeqlLcwQobVzfo6E2x1vCqOa0gozKEhtiZB25VWZNIfcCCqbbynu6tvgQbjUtPslGc57BQo8TKkgnefW34alEUSZIcVhkQ3PZEkJZJs4JqXKSfm6yq5L73Ubd04WQXhiugADprtICy5eWkCWEsb1_nMFJgth4jXtVndbUHJW29uaHQd2UzXpg6t8glyV6BsLysI7Lpzy1jWAM3s5jhwQzXOlK_yTcDL5EiF79yiJNFK4nSIZhu__JefikkJ0Ge95rLMRhR_XYojLdA5A6hiUnd_vut-91YEUtXE3VB7VUdWP7wBreNufgI7Jd8XiiBWyFMO-4y36GFLkEiYrXKaJutnszHtOx1dGdUVyCB9fJqize6bbRH9HfD3sDI8d-bxRjcIqt7Rn-MQjuUrWRxcanz73FG2m4Gm9INNtjUQ==&vjs=3&p=3&sk=&fvj=1,Boulder,"Senior Software Engineer: Python, Fast Growth Cryptocurrency Startup",TriStaff Group,"Denver, CO","Senior software engineer, senior software developer, software developer, backend, back-end, fullstack engineer, database developer, database engineer, architect..."
211,29 days ago,/company/Tecdonor-LLC/jobs/Social-Responsibility-Sustainable-Impact-Blockchain-Ico-Remote-e9342e2226369efd?fccid=b1dcc5b2d99aa7e1&vjs=3,Boulder,Social Responsibility & Sustainable Impact | Blockchain & ICO | Remote,Tecdonor LLC,"Denver, CO",Web Development & Blockchain Integrations. Tecdonor LLC is looking for social impact enthusiasts to join our community....
212,29 days ago,/company/Tecdonor-LLC/jobs/Marketing-Media-Relation-Blockchain-Ico-Remote-3cc623a81f6aecaf?fccid=b1dcc5b2d99aa7e1&vjs=3,Boulder,Marketing & Media Relations | Blockchain & ICO | Remote,Tecdonor LLC,"Denver, CO",Web Development & Blockchain Integrations. Tecdonor LLC is looking for social impact enthusiasts to join our community....
213,29 days ago,/company/Tecdonor-LLC/jobs/Project-Management-Program-Development-Blockchain-Ico-Remote-8791442afd331cfa?fccid=b1dcc5b2d99aa7e1&vjs=3,Boulder,Project Management & Program Development | Blockchain & ICO | Remote,Tecdonor LLC,"Denver, CO",Web Development & Blockchain Integrations. Tecdonor LLC is looking for social impact enthusiasts to join our community....
214,29 days ago,/company/Tecdonor-LLC/jobs/Business-Development-Customer-Retention-Blockchain-Ico-Remote-14073c9584690da5?fccid=b1dcc5b2d99aa7e1&vjs=3,Boulder,Business Development & Customer Retention | Blockchain & ICO | Remote,Tecdonor LLC,"Denver, CO",Web Development & Blockchain Integrations. Tecdonor LLC is looking for social impact enthusiasts to join our community....
215,29 days ago,/company/Tecdonor-LLC/jobs/Web-Development-Blockchain-Integration-Ico-Remote-30f05e3ca2d022ee?fccid=b1dcc5b2d99aa7e1&vjs=3,Boulder,Web Development & Blockchain Integrations | ERC20 & ICO | Remote,Tecdonor LLC,"Denver, CO",Web Development & Blockchain Integrations. Tecdonor LLC is looking for social impact enthusiasts to join our community....
216,29 days ago,/company/Tecdonor-LLC/jobs/Support-Community-Management-0ca225e86c02481c?fccid=b1dcc5b2d99aa7e1&vjs=3,Boulder,Support & Community Management (Remote),Tecdonor LLC,"Denver, CO",Web Development & Blockchain Integrations. Tecdonor LLC is looking for social impact enthusiasts to join our community....
217,29 days ago,/company/Tecdonor-LLC/jobs/Sales-Partner-Engagement-Blockchain-Ico-Remote-374b13d58ff7f39e?fccid=b1dcc5b2d99aa7e1&vjs=3,Boulder,Sales & Partner Engagement | Blockchain & ICO | Remote,Tecdonor LLC,"Denver, CO",Web Development & Blockchain Integrations. Tecdonor LLC is looking for social impact enthusiasts to join our community....
218,16 days ago,"/company/Genesee-Academy,-LLC/jobs/Conference-Event-Coordinator-d62910cf9603d2b5?fccid=4ee7d66d4c9ebdf3&vjs=3",Boulder,Part Time Conference & Event Coordinator,"Global Blockchain Summit, LLC","Golden, CO 80401",For the annual Global Data Summit (GDS) and Global Blockchain Summit (GBS) we are seeking 2-3 people in the contract roles of Conference Event Coordinator....
219,23 days ago,/company/MARKET-Protocol/jobs/Community-Growth-Manager-8d900d36c287436e?fccid=e54d9c488ea48708&vjs=3,Boulder,Community Growth Manager,MARKET Protocol,"Boulder, CO",Blockchain and Cryptocurrency basics:. Passion for and current knowledge of cryptocurrency and blockchain technology....
220,29 days ago,/company/Tecdonor-LLC/jobs/Graphic-Ui-Ux-Design-Blockchain-Ico-Remote-56025c9f56aea117?fccid=b1dcc5b2d99aa7e1&vjs=3,Boulder,Graphic & UI/UX Design | Blockchain & ICO | Remote,Tecdonor LLC,"Denver, CO",Web Development & Blockchain Integrations. Tecdonor LLC is looking for social impact enthusiasts to join our community....
221,Error extracting date,/pagead/clk?mo=r&ad=-6NYlbfkN0D5Tt650HUOwH3XRvTl4zBOA8A4ReOHOoI0E2LKbZKmPdaYKfylqJgtlTl7FWZHOHWUWdRzHNjnEMk_xF_L2zC_4lTM0CVmfnxZBTi_Lt46fVmvGUESVTYZ8eq7TKrbbE4MoxWphpeLXdo36LjHKN7QY9jCHPj4-3bMEonEhPWq8eMPDuz2ABJIEshxh5HoeHVWs_l6aceWRLqGLY3vDLJNmJAo8nqnaAGAhM0tvvPIOq5UMjp6-6Aa9KZLfcdDh4EC5KMUoRQ2hU7fV1XwIjwr1vfV4plu-5WLET2hbcVpKkprnTVgsXfvv4qFtFftdv3kBO0LMEkVZybM82V-NgNiKQ2hX5a0h9UpM5tngeLM_YTMiGO-tikxhhY-4if8tY4DK5FzA_4jDqwjRSVZs5pj35H3xe_ZYSViqSQ-PVWG7uLHh8bz8TY6E0cz22QwK9L2vCIPiNXZ7fIPrKC_dvq90UHvxfgvJNOhnVklT82-lTRksmTP-azvzBk9CIB_FKk=&vjs=3&p=4&sk=&fvj=0,Boulder,Director of Portal Technology,Prescient Co,"Arvada, CO",Lead blockchain technology vision and integration with Portal roadmap. Prescient is disrupting the construction industry by attacking one of the last frontiers...
